SA4_CODE_2021,M_AgriForestFish_PD,M_AgriForestFish_GD_GC,M_AgriForestFish_BD,M_AgriForestFish_AdD_D,M_AgriForestFish_Cert,M_AgriForestFish_ID_NS,M_AgriForestFish_ToT,M_Min_PD,M_Min_GD_GC,M_Min_BD,M_Min_AdD_D,M_Min_Cert,M_Min_ID_NS,M_Min_ToT,M_Mnfg_PD,M_Mnfg_GD_GC,M_Mnfg_BD,M_Mnfg_AdD_D,M_Mnfg_Cert,M_Mnfg_ID_NS,M_Mnfg_ToT,M_EGW_WS_PD,M_EGW_WS_GD_GC,M_EGW_WS_BD,M_EGW_WS_AdD_D,M_EGW_WS_Cert,M_EGW_WS_ID_NS,M_EGW_WS_ToT,M_Cnstn_PD,M_Cnstn_GD_GC,M_Cnstn_BD,M_Cnstn_AdD_D,M_Cnstn_Cert,M_Cnstn_ID_NS,M_Cnstn_ToT,M_WTrade_PD,M_WTrade_GD_GC,M_WTrade_BD,M_WTrade_AdD_D,M_WTrade_Cert,M_WTrade_ID_NS,M_WTrade_ToT,M_RTrade_PD,M_RTrade_GD_GC,M_RTrade_BD,M_RTrade_AdD_D,M_RTrade_Cert,M_RTrade_ID_NS,M_RTrade_ToT,M_AccomFoodS_PD,M_AccomFoodS_GD_GC,M_AccomFoodS_BD,M_AccomFoodS_AdD_D,M_AccomFoodS_Cert,M_AccomFoodS_ID_NS,M_AccomFoodS_ToT,M_TransPostWhse_PD,M_TransPostWhse_GD_GC,M_TransPostWhse_BD,M_TransPostWhse_AdD_D,M_TransPostWhse_Cert,M_TransPostWhse_ID_NS,M_TransPostWhse_ToT,M_InfoMedTelecom_PD,M_InfoMedTelecom_GD_GC,M_InfoMedTelecom_BD,M_InfoMedTelecom_AdD_D,M_InfoMedTelecom_Cert,M_InfoMedTelecom_ID_NS,M_InfoMedTelecom_ToT,M_FinInsurS_PD,M_FinInsurS_GD_GC,M_FinInsurS_BD,M_FinInsurS_AdD_D,M_FinInsurS_Cert,M_FinInsurS_ID_NS,M_FinInsurS_ToT,M_RentHirREserv_PD,M_RentHirREserv_GD_GC,M_RentHirREserv_BD,M_RentHirREserv_AdD_D,M_RentHirREserv_Cert,M_RentHirREserv_ID_NS,M_RentHirREserv_ToT,M_ProScieTechServ_PD,M_ProScieTechServ_GD_GC,M_ProScieTechServ_BD,M_ProScieTechServ_AdD_D,M_ProScieTechServ_Cert,M_ProScieTechServ_ID_NS,M_ProScieTechServ_ToT,M_AdminSupServ_PD,M_AdminSupServ_GD_GC,M_AdminSupServ_BD,M_AdminSupServ_AdD_D,M_AdminSupServ_Cert,M_AdminSupServ_ID_NS,M_AdminSupServ_ToT,M_PubAdmiSafety_PD,M_PubAdmiSafety_GD_GC,M_PubAdmiSafety_BD,M_PubAdmiSafety_AdD_D,M_PubAdmiSafety_Cert,M_PubAdmiSafety_ID_NS,M_PubAdmiSafety_ToT,M_EducTrain_PD,M_EducTrain_GD_GC,M_EducTrain_BD,M_EducTrain_AdD_D,M_EducTrain_Cert,M_EducTrain_ID_NS,M_EducTrain_ToT,M_HealthCareSocA_PD,M_HealthCareSocA_GD_GC,M_HealthCareSocA_BD,M_HealthCareSocA_AdD_D,M_HealthCareSocA_Cert,M_HealthCareSocA_ID_NS,M_HealthCareSocA_ToT,M_ArtRecServ_PD,M_ArtRecServ_GD_GC,M_ArtRecServ_BD,M_ArtRecServ_AdD_D,M_ArtRecServ_Cert,M_ArtRecServ_ID_NS,M_ArtRecServ_ToT,M_OthServ_PD,M_OthServ_GD_GC,M_OthServ_BD,M_OthServ_AdD_D,M_OthServ_Cert,M_OthServ_ID_NS,M_OthServ_ToT,M_ID_NS_PD,M_ID_NS_GD_GC,M_ID_NS_BD,M_ID_NS_AdD_D,M_ID_NS_Cert,M_ID_NS_ID_NS,M_ID_NS_ToT,M_ToT_PD,M_ToT_GD_GC,M_ToT_BD,M_ToT_AdD_D,M_ToT_Cert,M_ToT_ID_NS,M_ToT_ToT,F_AgriForestFish_PD,F_AgriForestFish_GD_GC,F_AgriForestFish_BD,F_AgriForestFish_AdD_D,F_AgriForestFish_Cert,F_AgriForestFish_ID_NS,F_AgriForestFish_ToT,F_Min_PD,F_Min_GD_GC,F_Min_BD,F_Min_AdD_D,F_Min_Cert,F_Min_ID_NS,F_Min_ToT,F_Mnfg_PD,F_Mnfg_GD_GC,F_Mnfg_BD,F_Mnfg_AdD_D,F_Mnfg_Cert,F_Mnfg_ID_NS,F_Mnfg_ToT,F_EGW_WS_PD,F_EGW_WS_GD_GC,F_EGW_WS_BD,F_EGW_WS_AdD_D,F_EGW_WS_Cert,F_EGW_WS_ID_NS,F_EGW_WS_ToT,F_Cnstn_PD,F_Cnstn_GD_GC,F_Cnstn_BD,F_Cnstn_AdD_D,F_Cnstn_Cert,F_Cnstn_ID_NS,F_Cnstn_ToT,F_WTrade_PD,F_WTrade_GD_GC,F_WTrade_BD,F_WTrade_AdD_D,F_WTrade_Cert,F_WTrade_ID_NS,F_WTrade_ToT,F_RTrade_PD,F_RTrade_GD_GC,F_RTrade_BD,F_RTrade_AdD_D,F_RTrade_Cert,F_RTrade_ID_NS,F_RTrade_ToT,F_AccomFoodS_PD,F_AccomFoodS_GD_GC,F_AccomFoodS_BD,F_AccomFoodS_AdD_D
101,113,36,470,383,1452,141,2589,13,0,26,39,262,3,340,65,12,234,233,1412,77,2030,59,12,153,150,536,17,923,87,17,424,485,5975,187,7181,25,4,107,94,426,35,690,152,27,307,230,1149,79,1934,112,20,305,259,983,76,1755,62,17,141,177,1003,72,1468,31,15,100,81,150,21,411,45,18,121,104,73,4,366,16,19,100,92,218,18,449,492,149,1058,420,454,53,2638,48,12,131,148,524,34,899,1200,371,1616,1409,1791,138,6518,411,176,728,193,311,31,1858,347,107,760,335,542,47,2139,45,26,139,72,320,19,630,62,16,122,116,1301,25,1645,89,12,191,150,838,209,1494,3478,1073,7239,5168,19723,1276,37959,76,49,382,266,416,78,1267,3,0,15,11,19,0,53,36,22,171,145,323,30,736,21,8,59,42,76,8,210,37,16,178,229,437,39,940,9,10,60,65,161,15,321,112,43,444,442,1269,123,2437,103,39,403,411
102,13,4,93,63,232,20,424,13,4,63,74,347,15,515,122,27,515,532,2701,106,4007,41,15,106,165,558,22,911,100,27,585,788,8781,232,10505,88,26,227,234,733,36,1343,144,28,549,494,1735,91,3038,80,18,303,354,1019,64,1834,75,27,266,357,1614,112,2453,91,37,343,238,421,35,1158,212,69,650,435,355,41,1766,38,15,145,192,405,28,825,563,140,1759,712,754,98,4024,46,15,216,250,865,56,1446,284,130,889,1000,1476,103,3890,601,198,1372,264,457,43,2941,709,181,1633,684,1326,120,4645,39,11,164,108,287,17,627,74,27,216,199,1781,48,2351,100,16,385,256,1173,258,2192,3425,1013,10491,7401,27026,1528,50887,10,7,65,58,115,16,269,8,0,13,9,26,6,55,91,26,405,327,582,70,1501,15,6,55,44,54,7,184,34,27,269,370,665,56,1426,68,7,201,158,260,28,722,102,44,698,773,1976,205,3795,76,24,368,501
103,93,23,568,472,1866,182,3201,116,41,403,341,2773,90,3756,86,33,277,237,1806,81,2513,17,7,76,121,501,12,735,30,16,210,269,3770,101,4401,16,7,79,86,576,25,785,65,17,246,164,949,69,1506,49,4,178,191,626,64,1114,27,8,95,128,927,70,1253,11,0,65,30,90,8,205,45,5,133,86,65,10,361,5,3,62,67,177,5,322,195,53,541,165,283,28,1265,18,16,70,62,359,24,551,200,107,587,571,1159,60,2678,317,152,816,148,277,35,1743,367,99,758,316,614,66,2224,13,7,59,30,134,7,246,35,17,121,82,1253,25,1528,32,6,99,89,715,191,1137,1746,619,5437,3644,18925,1164,31529,61,57,416,329,527,106,1492,37,14,164,70,239,9,534,41,16,176,149,387,39,797,3,0,35,24,64,4,132,17,5,104,140,307,39,617,6,10,64,63,198,15,351,61,38,335,326,1221,131,2106,52,12,236,268
104,51,11,229,191,596,92,1169,3,6,20,20,135,4,181,11,4,87,99,798,35,1035,9,0,23,64,218,9,322,20,15,179,192,2971,86,3467,7,10,40,38,302,13,413,21,4,157,135,796,48,1173,25,10,135,170,678,59,1071,21,5,74,116,512,43,770,9,9,41,28,76,0,156,21,14,98,71,58,8,273,3,11,57,51,140,5,271,118,57,484,144,206,25,1028,8,9,71,80,380,21,573,119,66,444,374,747,37,1785,176,119,601,126,203,18,1236,302,77,711,317,654,77,2138,10,0,63,33,132,8,254,32,11,58,71,752,24,945,22,13,101,69,485,131,822,1004,436,3679,2375,10834,740,19075,40,22,191,147,179,65,638,0,0,0,5,12,3,23,16,8,62,66,144,11,295,3,0,18,5,32,0,61,8,16,87,126,233,22,490,4,4,50,38,93,6,186,36,23,236,289,915,65,1562,24,25,167,252
105,23,13,335,303,1135,114,1916,29,12,108,90,909,29,1178,41,8,67,58,551,29,754,13,0,33,64,281,16,407,20,8,95,92,1767,50,2030,5,0,50,53,314,22,456,86,9,122,74,498,41,829,42,4,103,78,289,36,558,14,0,42,64,464,42,632,0,3,22,14,55,0,100,19,4,57,42,39,6,167,0,3,27,26,72,3,133,60,34,231,50,105,10,494,6,4,27,25,181,20,267,88,47,287,361,751,39,1583,130,79,351,86,214,19,871,205,52,464,204,393,41,1361,7,6,17,21,114,5,172,16,4,49,32,619,21,741,29,3,56,33,342,112,576,857,300,2545,1779,9095,659,15235,20,34,297,212,344,64,973,3,4,41,24,87,8,175,16,3,71,38,86,17,234,0,4,23,16,36,3,88,4,4,67,51,144,18,291,7,0,41,27,95,6,173,63,9,148,131,537,65,955,39,3,128,123
106,36,20,165,199,752,71,1243,133,62,501,612,5290,154,6752,104,25,378,445,2824,93,3872,36,16,115,257,780,32,1230,54,20,314,437,5533,167,6518,31,13,105,175,1226,31,1585,67,13,270,262,1288,79,1976,57,8,203,269,935,67,1540,40,12,149,278,1544,106,2124,22,0,46,44,107,10,230,40,29,185,154,174,22,597,19,3,59,86,335,21,516,241,104,903,435,602,45,2333,13,11,111,165,952,51,1308,217,95,577,820,1660,75,3440,301,116,732,173,353,27,1707,257,71,715,407,810,56,2311,10,3,54,67,215,14,368,23,16,110,141,1980,39,2306,50,14,153,156,1157,247,1780,1753,656,5841,5588,28507,1389,43732,29,25,221,189,350,59,865,40,30,203,166,620,33,1090,49,27,234,266,593,61,1231,12,4,73,65,113,10,278,20,19,180,276,632,40,1167,20,7,73,101,278,8,500,78,35,420,559,1976,160,3230,39,20,286,409
107,11,6,48,41,125,9,231,103,26,269,283,1381,50,2102,286,60,843,745,2830,71,4833,63,9,128,148,530,17,901,134,24,597,753,7354,176,9038,76,26,226,168,601,22,1119,231,30,573,381,1313,74,2605,174,23,482,308,890,60,1926,160,26,343,475,1952,100,3051,76,19,284,135,169,14,700,207,59,702,320,213,33,1538,32,12,139,127,304,30,636,649,180,2008,642,667,61,4207,82,26,225,189,702,36,1260,456,198,1265,1115,1495,98,4621,1281,294,1558,302,449,48,3929,926,207,1625,672,1016,105,4550,52,17,185,104,216,17,597,119,18,241,185,1652,32,2244,155,22,372,206,1028,204,1981,5276,1283,12103,7287,24880,1243,52070,6,3,47,27,60,10,161,16,3,54,25,51,0,154,104,17,363,226,418,34,1166,21,0,43,27,66,0,160,45,22,235,279,474,29,1079,29,15,137,89,188,14,461,139,52,748,631,1510,151,3230,87,28,498,438
108,38,27,193,164,811,87,1320,3,5,19,35,293,14,377,22,11,118,122,1356,67,1697,57,30,186,174,381,13,845,28,10,199,292,4604,150,5273,9,5,42,58,455,14,580,43,13,203,226,1285,88,1862,43,10,174,212,962,80,1479,10,19,64,134,831,67,1131,10,7,47,40,77,7,186,42,22,130,130,114,6,442,6,7,60,83,191,8,350,145,81,538,218,264,35,1270,18,8,81,144,553,51,842,105,67,391,437,944,60,1998,264,136,882,216,357,34,1888,405,97,968,441,1213,111,3238,13,10,57,49,166,8,305,41,15,91,83,1106,17,1356,35,14,89,87,700,205,1125,1348,584,4532,3332,16649,1125,27570,32,21,140,145,223,53,608,4,0,12,4,16,0,36,11,15,94,112,280,31,540,37,23,92,89,153,8,399,13,5,100,170,328,23,641,10,0,35,51,105,12,217,41,36,287,386,1429,173,2342,40,14,266,334
109,35,22,390,353,1219,120,2130,0,0,9,10,94,3,128,75,20,229,198,1377,59,1967,20,4,28,47,238,4,338,19,6,123,187,2680,65,3076,7,9,62,74,346,20,517,39,12,142,134,598,27,960,19,5,96,148,422,29,721,25,16,84,128,597,48,894,8,7,29,20,43,6,118,25,20,81,44,34,11,217,9,5,35,36,99,3,187,87,42,363,110,136,14,749,6,0,46,51,200,27,331,89,56,297,329,569,36,1376,153,104,496,93,176,12,1033,187,68,456,194,335,36,1280,3,0,24,30,78,3,151,11,0,55,67,650,17,803,29,3,60,85,446,133,763,862,408,3111,2331,10347,663,17715,37,47,289,205,335,59,977,0,0,6,0,3,0,10,22,17,189,115,265,33,637,3,5,35,12,33,0,86,21,9,83,85,236,15,446,5,0,43,41,100,5,189,33,20,211,226,664,66,1221,26,13,149,198
110,141,42,738,634,2021,210,3785,43,19,108,79,803,31,1086,41,9,216,130,1236,96,1728,3,6,30,89,339,8,485,25,5,111,125,2972,100,3337,12,9,60,88,483,30,680,53,7,176,135,837,57,1261,34,7,113,130,421,59,770,18,9,85,113,880,47,1153,14,8,45,30,84,7,177,32,25,115,82,57,7,306,5,7,43,49,141,16,261,166,75,468,113,191,17,1029,17,6,56,78,402,33,600,159,65,421,416,913,45,2022,477,132,767,165,325,27,1890,252,69,582,247,528,49,1732,13,4,48,26,112,13,212,33,6,107,70,1070,32,1320,30,0,79,69,560,189,933,1577,515,4366,2855,14381,1075,24768,75,78,610,438,604,129,1935,3,3,37,29,80,5,162,26,6,166,122,306,53,684,9,0,19,11,36,0,77,10,7,60,93,246,16,434,12,3,50,58,123,10,250,46,20,229,241,1051,114,1697,33,17,149,162
111,21,4,62,33,174,12,298,125,50,440,377,1975,52,3022,257,62,914,726,3424,102,5483,129,43,347,301,757,24,1598,148,61,1083,842,8499,218,10851,91,34,291,273,1107,37,1830,211,42,711,455,1722,99,3232,105,21,454,433,1255,96,2362,162,54,493,528,2003,113,3348,46,16,215,121,230,13,641,208,80,765,383,354,36,1831,50,21,208,178,410,28,901,905,273,3073,837,848,97,6026,71,26,268,232,877,42,1512,531,218,1409,1094,1608,102,4960,1254,241,2111,370,581,56,4616,1342,292,2738,951,1577,160,7064,35,20,201,97,280,20,652,113,36,311,188,1946,45,2638,159,28,445,260,1360,286,2538,5960,1624,16513,8685,30988,1642,65406,5,3,56,42,55,6,173,27,16,122,75,137,13,391,116,41,453,287,548,52,1504,53,18,118,76,121,17,404,67,44,368,369,689,60,1595,45,21,164,145,229,17,626,183,67,884,769,1982,174,4057,98,22,552,494
112,81,46,403,259,1025,98,1908,15,9,47,46,259,13,394,46,8,319,239,1546,65,2228,29,20,76,86,412,11,629,49,23,507,525,5683,175,6955,28,8,124,105,453,28,740,95,19,371,306,1272,97,2159,86,25,469,409,1103,108,2198,49,19,168,186,804,71,1303,35,11,134,77,127,10,397,77,31,223,165,115,22,636,17,10,137,126,281,27,587,334,109,1328,360,361,63,2553,36,11,207,159,658,49,1109,157,94,516,485,945,50,2246,464,261,1308,270,415,45,2755,599,174,1371,630,969,114,3856,36,18,175,104,217,21,563,49,20,167,120,1179,36,1572,82,20,327,201,837,231,1696,2348,926,8374,4853,18661,1329,36491,56,37,279,191,301,77,938,3,0,22,8,24,4,56,29,31,257,227,407,39,987,11,3,37,14,47,3,114,31,23,184,189,380,33,843,16,9,100,90,156,15,389,85,57,654,628,1444,153,3024,96,28,626,544
113,86,32,558,436,1837,193,3144,0,4,12,7,154,0,171,107,24,402,283,1935,142,2894,18,10,74,108,467,13,690,25,8,137,142,3048,90,3449,9,4,112,78,544,23,774,49,9,193,131,743,52,1168,46,12,97,119,406,37,713,25,7,86,108,854,53,1141,10,0,42,25,93,0,169,18,13,81,71,49,10,251,5,4,46,34,103,7,204,94,65,414,119,188,24,903,17,13,57,42,278,25,416,164,79,480,519,1114,51,2416,263,123,661,112,291,28,1480,250,76,592,242,406,40,1605,8,0,40,28,94,7,180,30,6,103,84,984,20,1229,27,8,97,80,667,179,1056,1253,487,4290,2768,14254,993,24050,48,57,420,300,438,85,1357,0,0,11,6,12,0,29,47,19,286,167,425,78,1017,9,6,41,25,61,3,145,5,12,70,93,243,34,461,3,0,58,63,150,12,284,47,22,258,235,909,107,1577,42,18,177,159
114,34,13,113,76,388,41,653,8,0,22,44,213,4,299,83,27,222,181,1218,43,1772,11,4,40,47,258,11,374,35,6,269,308,4031,119,4773,38,9,97,83,334,22,579,72,18,205,141,787,56,1277,69,14,223,212,697,52,1264,22,6,96,151,617,44,930,20,10,85,42,53,5,218,72,21,197,101,65,13,466,24,3,95,65,167,25,368,307,81,765,259,304,38,1756,28,10,106,106,525,29,798,214,82,519,682,1131,46,2680,296,140,513,112,214,19,1288,284,71,636,261,445,49,1749,25,7,82,31,144,9,290,41,10,84,83,790,14,1027,51,15,129,87,520,110,913,1745,532,4494,3059,12902,742,23480,26,9,89,63,119,15,331,4,0,12,5,8,0,18,35,17,144,107,222,30,552,7,0,17,11,17,3,63,19,19,134,109,335,29,648,22,5,59,65,104,11,266,75,35,354,377,937,133,1907,47,25,286,294
115,43,13,107,58,241,19,476,24,0,55,17,78,9,179,618,70,1135,512,1472,85,3889,181,22,241,98,235,15,796,458,75,1280,855,5350,166,8176,498,71,948,370,641,61,2587,464,73,1143,457,920,91,3145,124,12,346,249,385,36,1153,373,48,680,398,738,67,2301,414,55,724,244,201,32,1668,1375,206,2191,570,269,89,4693,178,27,376,213,332,33,1160,1968,288,3771,718,514,169,7433,165,26,334,215,417,37,1201,657,160,990,644,621,67,3145,788,150,1064,238,264,50,2553,1035,154,1509,372,371,85,3528,45,11,200,100,128,13,500,177,34,306,223,1235,37,2016,442,34,731,269,692,220,2390,10024,1526,18133,6822,15112,1367,52986,32,4,89,71,127,17,336,14,4,14,7,11,0,52,317,43,769,362,345,55,1884,54,13,105,41,34,12,256,226,56,617,519,590,75,2071,358,38,702,290,259,54,1702,397,73,1357,699,839,96,3469,119,23,364,292
116,21,8,52,37,86,13,210,25,5,52,20,45,5,153,680,72,1680,945,2446,195,6022,179,27,282,145,348,40,1017,469,48,1280,781,4173,160,6907,524,47,1048,484,907,95,3102,734,88,1552,789,1321,181,4665,240,22,548,455,573,75,1921,873,122,1983,1457,1972,306,6709,533,48,884,288,230,58,2046,1346,178,2277,501,371,120,4805,146,25,254,177,246,33,878,2031,241,3544,706,473,151,7147,271,33,528,325,538,61,1755,834,155,1519,856,1076,104,4548,906,156,1042,215,294,42,2663,993,167,2096,749,764,156,4921,61,7,177,80,165,5,504,187,27,393,296,1555,60,2525,499,61,1047,495,1160,466,3720,11565,1529,22255,9810,18738,2331,66232,12,0,53,24,48,8,145,7,0,9,12,5,0,36,373,59,1045,412,657,127,2673,82,15,169,51,70,8,392,224,26,525,321,494,51,1642,280,29,730,308,360,55,1766,619,86,1753,899,1267,204,4828,142,29,515,369
117,24,4,61,22,32,6,147,48,3,85,5,14,0,157,425,63,1083,419,658,54,2701,151,27,286,52,87,13,618,548,82,1836,693,2940,190,6289,386,51,920,233,302,45,1934,640,85,2020,868,773,123,4506,415,58,1907,1640,1110,198,5322,506,96,1440,686,886,153,3765,617,161,2021,478,296,52,3629,2255,427,4910,723,428,148,8887,336,50,767,298,313,49,1814,4539,659,9231,1078,598,253,16354,305,61,1157,433,393,86,2437,1135,283,1975,699,984,91,5178,2751,318,1944,311,236,57,5617,1759,268,2609,502,394,116,5650,322,67,1077,338,316,48,2170,248,68,665,269,867,65,2175,646,74,1559,451,573,440,3746,18043,2899,37559,10189,12205,2184,83082,13,3,52,13,16,4,98,13,0,41,7,3,0,67,309,48,847,285,190,33,1707,84,15,170,15,14,6,294,325,42,747,259,194,43,1609,358,53,808,240,123,30,1615,696,95,2584,961,688,133,5161,446,72,2180,1291
118,26,0,72,16,22,3,143,44,8,81,9,21,5,174,294,38,664,209,426,42,1680,122,3,193,34,72,4,436,399,39,1781,684,3367,181,6439,280,30,676,156,174,33,1348,308,37,1095,367,466,83,2352,176,34,708,528,545,90,2082,302,54,861,349,553,92,2209,386,71,1186,224,200,52,2126,1928,322,4265,467,174,140,7297,298,63,916,275,340,69,1964,2929,471,6326,677,396,209,11004,200,36,849,230,272,48,1636,619,141,979,385,556,65,2738,1619,159,1186,189,167,48,3361,1431,140,1985,260,249,126,4181,157,39,603,174,200,37,1213,152,20,413,133,567,43,1324,506,49,1232,298,377,310,2766,12191,1736,26081,5669,9130,1674,56476,18,0,56,15,11,6,110,9,0,25,7,7,0,44,183,42,620,169,101,32,1147,68,5,103,20,14,0,203,203,30,632,246,150,52,1314,257,44,685,149,101,31,1270,434,77,1804,627,442,131,3507,203,36,954,447
119,15,3,56,35,66,8,188,18,3,51,23,24,0,127,657,74,1664,967,2046,205,5612,137,22,245,115,281,28,833,594,69,2438,1513,5993,323,10930,474,46,1096,549,819,105,3091,1293,104,2682,1318,1509,285,7191,591,59,1498,1319,1088,191,4738,901,133,2325,1534,2502,347,7741,425,55,1044,415,335,69,2342,1323,231,3638,825,452,146,6610,241,33,552,423,510,76,1833,2453,369,5846,1138,636,228,10672,409,60,978,588,751,123,2910,869,231,1928,1044,1291,149,5505,1717,259,1789,397,356,81,4602,1664,250,3123,896,804,193,6925,122,25,436,214,290,36,1131,323,61,680,430,2185,96,3781,659,59,1491,704,1282,712,4906,14886,2134,33556,14454,23228,3392,91653,14,3,40,24,22,4,106,18,0,14,0,9,0,45,338,53,962,581,556,109,2588,61,9,126,39,51,7,294,254,38,862,530,491,82,2255,370,56,847,415,371,87,2143,847,127,2772,1531,1493,279,7044,363,42,1221,872
120,24,6,64,17,31,5,146,40,6,56,15,24,0,138,499,65,1115,431,719,66,2903,147,14,217,36,85,7,500,466,82,1831,835,2953,146,6312,408,36,876,284,363,42,2014,749,81,1633,690,683,119,3961,368,39,1007,957,629,119,3118,446,61,1004,493,706,100,2812,481,91,1318,343,219,42,2504,1595,359,3526,614,268,133,6491,265,49,600,295,338,34,1585,2833,455,6073,831,497,172,10862,293,46,781,411,351,86,1958,813,219,1413,484,625,54,3611,1615,240,1458,240,253,36,3845,1598,213,2486,470,363,126,5259,176,49,525,191,205,24,1179,258,36,454,189,729,43,1707,572,61,1071,370,462,361,2900,13647,2200,27523,8196,10511,1724,63810,14,8,30,13,13,4,82,17,9,22,8,11,0,61,306,72,831,278,213,62,1763,99,13,136,36,13,5,300,280,54,654,284,246,43,1566,324,49,763,217,188,41,1573,602,105,1861,807,638,88,4110,264,51,953,627
121,77,6,147,42,56,10,337,127,16,147,16,17,4,333,791,105,1519,417,641,56,3532,299,43,334,68,96,13,844,795,108,2162,765,2879,133,6839,858,109,1584,421,373,84,3436,811,139,1956,667,801,132,4504,326,52,1045,692,640,86,2851,524,79,1068,514,562,102,2850,933,117,1930,470,320,79,3866,4018,733,6934,953,399,227,13273,523,97,1187,391,372,63,2631,6030,925,11196,1390,756,320,20625,390,61,1069,345,432,68,2365,1171,266,1742,562,494,72,4309,1922,303,1841,322,297,67,4746,2473,319,3424,500,439,147,7307,221,41,568,176,210,26,1244,343,60,637,241,848,39,2161,995,99,1699,387,468,325,3969,23606,3682,42199,9353,11111,2064,92018,45,11,102,37,34,9,237,39,4,76,9,4,0,133,529,79,1140,301,229,58,2340,120,24,181,40,17,10,385,439,64,882,295,228,38,1935,694,113,1447,363,215,55,2884,777,134,2422,925,694,145,5095,311,56,1121,539
122,26,3,84,28,59,8,205,34,3,64,10,16,6,146,270,54,872,417,1138,65,2820,110,10,186,77,174,14,572,317,66,1431,850,5700,192,8551,302,49,744,316,468,58,1932,290,62,1013,500,879,88,2845,143,26,595,450,539,64,1820,179,54,582,405,667,65,1953,220,44,933,306,270,42,1814,1190,282,2741,666,246,131,5257,184,51,621,304,294,32,1493,2130,378,5032,1061,690,191,9480,158,29,694,269,495,61,1698,394,124,853,476,602,58,2508,742,164,1119,218,297,47,2592,676,122,1225,333,425,71,2846,94,26,339,149,205,22,835,123,27,345,199,1069,40,1804,383,37,974,343,600,201,2539,7957,1616,20448,7382,14841,1456,53692,8,12,57,30,20,6,137,10,4,19,3,4,4,44,197,52,710,308,263,65,1594,39,12,70,27,21,4,164,146,51,561,394,314,56,1522,250,53,748,330,241,36,1652,275,89,1388,882,777,155,3568,104,30,659,444
123,10,5,58,45,164,11,294,13,6,37,54,310,14,434,246,44,742,675,3087,140,4936,61,4,100,133,457,15,771,161,35,633,627,6406,190,8046,129,27,357,271,858,56,1686,277,37,666,516,1399,99,2997,89,12,280,301,509,47,1238,271,38,698,713,2174,143,4030,122,11,262,167,194,20,771,346,63,701,313,255,35,1719,53,11,129,137,373,26,726,538,118,1330,464,475,87,3008,82,20,222,184,562,37,1109,413,131,904,972,1245,102,3767,804,150,926,225,303,36,2438,602,103,1109,456,590,89,2952,33,4,116,83,151,14,393,61,18,190,171,1660,43,2137,154,17,372,322,1239,315,2412,4453,857,9840,6808,22408,1504,45864,15,8,65,34,65,13,198,9,0,12,14,13,0,46,86,17,418,347,651,77,1602,14,0,55,49,92,7,219,61,22,263,359,585,48,1327,62,17,229,195,318,30,847,225,33,756,747,1484,146,3387,73,11,256,322
124,20,4,73,44,229,10,376,18,3,31,28,149,3,236,234,48,699,647,3231,129,4981,101,22,157,174,684,23,1162,152,43,691,729,7958,212,9786,130,28,340,296,1080,56,1933,208,44,679,511,1639,90,3168,85,13,311,294,693,44,1445,237,51,623,597,2171,157,3846,99,20,292,169,249,20,853,256,69,630,395,344,60,1752,41,15,145,148,377,18,746,609,142,1627,567,652,80,3681,87,15,240,200,716,39,1293,445,197,1232,1209,1738,98,4917,1137,248,1253,321,477,45,3489,652,167,1353,592,765,87,3628,74,15,198,127,285,7,710,119,25,237,220,1990,38,2632,151,23,377,285,1406,273,2507,4847,1206,11179,7559,26830,1497,53120,16,0,55,54,127,20,278,0,3,12,8,19,0,45,95,33,426,398,674,63,1686,37,7,82,68,124,5,323,72,27,313,415,781,67,1679,72,10,271,260,386,45,1039,173,50,896,745,1668,160,3700,84,22,365,390
125,33,3,63,33,44,10,182,36,5,45,16,32,8,136,1024,82,1997,927,1586,210,5830,231,25,351,89,209,21,930,765,78,2117,1140,3901,241,8242,711,62,1284,511,668,93,3342,1414,112,2297,941,1119,186,6074,454,44,1091,986,688,156,3416,992,101,1933,1154,1291,247,5725,640,62,1153,297,248,61,2467,1751,203,3154,602,336,133,6187,275,33,452,259,287,39,1342,3409,383,6272,833,509,265,11669,468,55,919,521,478,119,2558,1069,178,1745,809,859,121,4778,1300,198,1471,267,279,59,3575,1743,244,2922,774,726,174,6583,116,8,324,157,187,28,819,338,45,585,311,1249,62,2595,951,79,1614,664,918,729,4952,17716,2015,31799,11300,15610,2963,81395,22,0,54,21,17,4,120,12,0,27,8,3,3,53,531,48,1181,523,462,96,2840,103,12,189,34,46,13,396,373,51,740,400,366,64,2010,493,60,917,383,297,62,2215,933,93,2164,1009,987,214,5400,326,33,964,665
126,16,7,46,19,20,8,105,26,0,41,4,12,0,87,531,54,960,308,436,51,2349,130,14,170,41,52,11,418,455,43,1113,474,1672,88,3850,502,48,857,229,272,44,1941,487,48,1077,383,419,90,2499,177,22,610,394,333,53,1588,353,27,672,313,383,61,1812,503,66,942,202,145,37,1895,1373,203,2256,334,189,69,4407,244,26,420,203,181,23,1091,2493,264,4119,525,304,122,7823,174,27,449,167,184,30,1025,574,111,787,266,268,37,2045,1158,138,924,154,150,28,2542,1020,132,1583,274,250,69,3324,70,13,227,73,96,8,496,197,28,339,134,482,13,1197,479,43,781,194,285,189,1973,10961,1309,18388,4675,6122,1029,42482,12,0,26,9,13,5,77,7,7,27,12,0,3,63,348,51,709,192,111,31,1444,78,6,105,13,11,3,212,255,26,463,168,108,20,1049,458,61,685,194,135,45,1579,489,51,1206,440,399,73,2658,196,27,556,323
127,10,0,63,33,112,11,223,14,0,30,25,57,6,132,314,41,1191,999,2771,218,5541,75,9,198,119,298,17,723,228,40,1398,989,5248,221,8132,182,31,668,452,840,81,2256,312,35,1324,707,1463,173,4018,100,9,429,425,619,77,1662,323,53,1094,1096,2128,253,4945,158,18,447,242,248,43,1145,403,79,1541,531,365,84,2995,50,7,216,236,346,42,902,718,131,2345,685,457,134,4463,92,19,398,305,542,83,1445,396,121,1287,981,1263,117,4163,796,100,1070,243,297,50,2545,821,150,1772,620,654,138,4153,35,10,161,104,168,15,504,120,23,318,295,1847,64,2659,211,25,713,475,1268,526,3227,5346,911,16681,9565,20990,2355,55846,10,0,34,44,67,11,158,0,0,5,7,4,0,22,131,32,693,535,722,122,2233,29,3,91,66,65,8,265,92,22,460,398,505,72,1540,112,8,511,328,392,47,1401,296,54,1453,937,1391,172,4306,63,17,459,477
128,4,0,27,26,39,3,100,18,3,32,36,78,4,172,197,39,580,425,1650,55,2944,74,14,157,126,358,15,740,197,35,991,847,6547,163,8773,150,30,416,246,607,46,1490,166,32,624,380,952,63,2216,45,18,251,238,496,31,1076,194,62,551,639,1524,101,3069,111,24,381,183,218,20,939,499,143,1451,541,284,62,2983,67,29,273,240,342,45,990,864,198,2502,743,664,91,5060,60,14,301,189,482,29,1068,378,159,1053,1008,1093,89,3779,669,160,1047,220,308,31,2439,557,107,1012,343,400,74,2489,41,13,250,122,232,19,680,83,20,231,171,1303,26,1833,155,36,460,257,762,126,1799,4527,1137,12579,6975,18340,1084,44651,6,0,15,16,16,0,58,5,0,17,9,0,0,35,83,21,415,262,317,53,1158,24,11,65,35,40,9,182,77,25,410,356,393,53,1314,94,35,330,227,231,35,951,136,43,902,726,898,134,2834,45,17,305,329
197,0,0,0,0,0,0,0,0,0,0,0,0,0,0,0,0,0,0,0,0,0,0,0,0,0,0,0,0,0,0,0,0,0,0,0,0,0,0,0,0,0,0,0,0,0,0,0,0,0,0,0,0,0,0,0,0,0,0,0,0,0,0,0,0,0,0,0,0,0,0,0,0,0,0,0,0,0,0,0,0,0,0,0,0,0,0,0,0,0,0,0,0,0,0,0,0,0,0,0,0,0,0,0,0,0,0,0,0,0,0,0,0,0,0,0,0,0,0,0,0,0,0,0,0,0,0,0,0,0,0,0,0,0,0,0,0,0,0,0,0,0,0,0,0,0,0,0,0,0,0,0,0,0,0,0,0,0,0,0,0,0,0,0,0,0,0,0,0,0,0,0,0,0,0,0,0,0,0,0,0,0,0,0,0,0,0,0,0,0,0,0,0,0,0,0,0,0,0,0,0
199,6,0,9,4,17,5,43,0,0,3,3,16,0,21,3,0,12,5,33,3,62,0,0,4,0,3,0,9,4,0,12,16,99,5,131,0,0,9,5,6,0,20,4,0,10,10,17,0,38,0,0,13,7,35,0,64,0,0,5,13,25,10,52,4,0,10,3,0,0,23,5,3,12,7,3,0,38,0,0,3,0,0,0,6,15,8,39,10,8,5,79,0,0,8,0,15,0,27,5,0,15,6,20,4,51,10,4,16,8,3,0,40,16,0,21,6,21,5,75,0,0,11,5,9,0,27,3,0,4,4,14,0,23,0,0,10,4,21,26,65,85,21,238,109,369,68,885,0,0,30,5,5,0,42,0,0,0,0,0,0,0,0,0,10,9,8,3,35,0,0,0,0,0,0,4,0,0,7,0,8,0,16,3,0,0,0,0,0,6,9,0,13,9,25,4,60,6,0,26,10
201,38,19,191,201,749,62,1267,22,0,83,32,226,10,377,126,41,385,341,1724,82,2699,35,16,78,54,269,6,455,52,25,286,374,3900,90,4727,21,9,83,98,375,12,596,75,27,298,220,788,50,1463,64,22,215,202,528,37,1079,77,9,166,169,725,50,1198,26,26,130,67,135,12,393,66,36,182,138,73,7,502,6,8,82,71,157,8,331,291,100,948,270,229,33,1874,40,20,113,93,328,19,608,184,121,475,500,729,37,2041,466,261,840,172,219,19,1976,457,217,860,345,562,51,2499,27,8,160,67,170,13,439,48,14,98,92,810,22,1089,38,15,151,111,577,138,1034,2161,995,5826,3618,13280,775,26643,25,27,122,117,168,31,493,10,5,10,10,11,0,51,58,29,231,171,332,31,847,16,10,43,32,34,3,143,14,22,123,136,269,19,580,0,0,49,53,104,12,225,46,47,431,363,888,87,1870,58,23,243,242
202,30,15,221,169,682,57,1168,37,3,130,51,528,14,760,97,41,429,360,1774,69,2780,29,20,105,85,245,13,502,34,24,262,308,3542,83,4255,20,10,86,91,304,23,520,40,33,263,211,762,48,1360,28,11,148,152,427,32,799,25,15,153,182,621,39,1037,23,16,108,53,100,18,316,75,52,392,177,130,16,844,13,6,67,57,127,7,271,276,97,844,281,249,24,1771,32,7,101,69,311,9,535,189,129,477,501,704,41,2044,381,274,748,145,193,21,1773,462,194,859,374,509,53,2447,35,24,109,63,132,14,377,51,24,117,107,846,17,1152,53,18,141,88,529,122,956,1917,1022,5765,3509,12718,731,25671,23,19,174,126,145,28,514,7,8,43,18,32,4,107,69,33,267,176,378,50,969,13,17,50,33,44,10,170,18,22,112,128,252,18,550,3,4,59,60,82,19,221,61,55,418,342,816,85,1771,48,25,189,240
203,65,22,236,193,484,43,1044,23,4,48,26,133,8,240,361,62,944,604,2513,93,4576,74,21,250,150,493,21,1012,198,65,1043,1043,8897,235,11483,101,27,412,302,914,43,1800,289,59,961,578,1440,97,3422,181,22,555,510,893,77,2243,264,57,534,537,1390,101,2877,77,29,240,121,165,15,656,222,102,823,353,212,24,1731,38,14,232,135,290,30,735,782,231,2361,689,562,78,4704,109,39,312,235,634,42,1368,361,216,1190,1008,1307,98,4182,1128,464,1731,443,437,50,4253,836,345,1900,654,937,99,4767,78,30,296,175,283,22,881,104,43,254,242,1352,53,2044,176,28,446,250,1015,270,2197,5464,1892,14766,8243,24350,1500,56222,21,32,135,110,150,23,470,4,0,8,5,12,0,37,110,38,417,299,486,47,1399,50,9,117,90,99,15,375,80,42,386,348,522,36,1405,40,23,214,169,247,19,715,178,100,1276,1069,1666,159,4449,140,56,621,481
204,72,50,385,397,1297,136,2328,9,0,24,14,164,6,223,81,41,429,386,2224,122,3287,9,3,55,76,334,6,488,42,21,237,331,4663,132,5431,11,8,83,95,476,24,695,32,26,202,230,911,55,1455,45,12,188,220,703,53,1224,20,21,139,195,1026,85,1487,10,0,56,35,94,4,203,36,19,118,108,61,9,347,12,8,37,48,142,17,258,145,77,552,225,277,17,1299,16,7,85,110,397,30,645,175,104,562,732,1236,74,2886,260,253,558,186,321,20,1606,266,125,615,315,460,38,1823,17,16,88,89,170,12,389,33,21,86,86,1039,28,1288,29,7,101,108,693,174,1116,1338,827,4604,3989,16686,1037,28476,51,77,314,318,365,84,1217,0,0,14,7,22,0,44,52,40,272,232,447,41,1092,14,0,24,22,33,0,89,26,28,122,213,322,44,755,9,6,52,62,157,15,308,43,37,337,395,1025,112,1955,43,33,271,345
205,83,45,506,459,2065,178,3338,18,4,82,92,666,22,875,66,35,348,403,2853,111,3817,63,32,333,303,1476,45,2244,44,33,287,471,7332,223,8395,17,13,87,125,716,48,1002,54,23,322,284,1396,93,2173,44,19,191,240,811,85,1395,31,18,118,210,1188,93,1655,31,14,121,66,202,13,444,40,25,138,185,92,17,491,11,3,61,90,289,18,473,242,120,856,379,475,40,2112,17,23,117,145,595,40,929,192,131,800,816,1097,76,3111,382,285,951,266,416,41,2341,420,180,899,483,838,87,2901,37,14,144,97,252,15,558,39,17,118,137,1705,48,2059,41,12,156,161,1146,260,1777,1867,1040,6632,5414,25600,1543,42092,64,78,493,366,599,122,1717,6,0,24,18,41,3,94,36,28,212,214,464,61,1015,34,29,149,72,173,12,465,20,20,160,273,497,42,1014,3,6,75,96,213,21,414,54,51,435,554,1554,179,2823,36,37,258,380
206,96,24,257,67,85,15,546,133,14,198,19,37,6,401,1182,243,2971,835,1455,138,6830,470,79,882,184,242,19,1873,1062,214,3817,1474,5684,307,12554,572,109,1650,412,548,76,3368,1174,215,3878,1341,1378,202,8178,807,114,3523,2356,2133,317,9250,844,196,2281,912,1017,173,5416,853,252,2596,611,382,97,4794,2419,686,6506,1047,572,215,11454,450,133,1443,399,546,104,3081,8350,1462,17270,1974,1015,389,30458,641,159,2148,653,700,162,4468,2303,796,4069,1076,976,127,9353,5337,1052,4044,583,440,118,11579,4156,884,5745,951,833,214,12787,608,196,2176,639,578,78,4273,517,120,1009,472,1271,84,3476,1097,171,2591,706,835,642,6041,33067,7114,69065,16728,20727,3462,150166,62,18,159,53,38,10,335,48,7,110,18,8,0,198,812,172,2130,547,368,63,4087,289,91,558,93,92,28,1145,581,138,1371,466,366,62,2983,468,121,1378,395,233,44,2645,1224,343,5586,1979,1295,262,10693,872,168,4270,2029
207,62,9,127,39,40,5,294,72,9,123,7,20,0,232,878,136,1873,545,799,85,4316,203,40,416,65,99,16,840,632,108,2056,984,3192,133,7109,518,94,1240,357,347,57,2611,815,150,2278,775,841,138,4992,345,43,1103,733,687,93,3014,541,102,1122,494,444,84,2793,464,88,1001,228,170,32,1978,1588,447,3255,596,236,86,6208,377,89,815,272,332,74,1955,3662,727,7366,932,447,188,13322,352,78,834,365,367,31,2025,837,277,1523,501,378,59,3576,2164,419,1745,281,232,59,4897,2404,419,3516,518,450,180,7490,175,46,560,166,168,24,1144,286,64,538,307,732,51,1982,631,100,1311,363,486,348,3245,17005,3457,32810,8536,10471,1746,74023,30,13,81,23,13,4,166,25,4,42,10,0,4,82,422,111,1060,312,202,32,2132,138,33,257,36,23,0,486,281,74,701,275,192,35,1556,357,88,953,285,155,49,1876,703,203,2847,1079,778,162,5772,322,62,1100,661
208,57,18,140,61,65,6,339,78,10,143,28,47,10,316,805,165,2143,791,1747,134,5790,245,54,513,133,211,17,1173,492,149,2362,1372,6360,238,10966,505,109,1449,495,588,65,3209,722,141,2333,888,1144,132,5364,247,41,955,709,740,107,2799,465,118,1156,540,713,110,3106,400,103,1136,296,242,33,2217,1480,501,3783,853,347,134,7097,236,73,854,325,430,61,1974,3565,705,8239,1397,735,242,14886,315,81,928,385,554,47,2312,866,345,1808,804,712,95,4624,1963,560,2127,440,360,82,5528,1805,395,3009,657,622,142,6629,185,76,765,252,314,42,1632,212,58,529,334,1145,69,2346,620,96,1495,508,805,433,3967,15260,3792,35885,11264,17879,2192,86277,28,10,73,34,30,3,172,29,8,73,6,6,0,121,436,137,1556,481,409,76,3082,161,43,292,76,57,17,645,262,77,933,472,430,67,2242,291,108,1021,383,232,46,2079,578,243,2955,1325,1086,204,6386,225,50,1011,610
209,64,19,130,112,199,20,549,48,6,86,29,92,4,270,872,143,2192,1323,3632,202,8366,213,32,426,164,411,34,1287,516,107,2060,2009,12238,410,17339,340,78,913,539,1103,76,3051,672,129,1867,1092,1846,196,5797,301,30,913,911,1065,144,3370,830,116,1765,1416,2122,266,6514,385,77,901,366,348,42,2124,805,240,2198,760,411,87,4504,117,38,388,241,447,46,1277,2354,482,5283,1231,799,185,10345,289,65,807,502,944,102,2714,1058,410,2309,1483,1766,150,7176,2070,710,2267,549,595,75,6268,1702,493,2948,1150,1227,191,7704,154,55,615,263,364,36,1485,297,53,538,541,2269,100,3808,518,77,1094,643,1663,554,4553,13612,3375,29710,15318,33548,2917,98484,53,15,130,80,74,17,369,18,3,26,0,12,3,67,410,101,1156,676,719,113,3174,106,40,222,106,117,12,607,211,78,745,555,718,82,2387,179,57,580,359,363,42,1584,486,183,2353,1590,1856,262,6726,262,59,979,808
210,32,13,107,72,131,23,373,17,5,47,20,73,5,169,530,86,1524,1011,2958,175,6278,114,15,300,152,353,28,960,333,68,1451,1444,8948,289,12534,199,43,648,349,808,74,2114,455,62,1254,810,1313,157,4053,263,40,692,747,739,103,2582,785,128,1725,1769,2524,288,7217,273,46,569,224,243,34,1378,498,134,1397,505,298,60,2896,82,14,258,164,336,32,888,1319,266,3092,784,546,115,6118,225,48,549,409,687,84,2008,662,227,1498,1159,1294,114,4957,1041,419,1326,357,383,60,3577,886,215,1558,631,685,134,4110,69,35,363,177,260,23,921,152,22,403,418,1843,72,2922,354,49,802,517,1345,498,3563,8272,1925,19566,11728,25760,2363,69619,19,9,71,56,52,18,229,8,0,13,5,5,0,31,264,57,828,486,575,96,2310,73,19,176,86,68,17,437,135,53,511,448,532,53,1729,98,39,401,244,249,41,1080,314,123,1436,1050,1346,190,4463,178,45,611,503
211,50,26,193,169,397,27,873,34,9,70,29,118,10,269,775,180,2384,1472,4721,182,9719,185,35,494,226,593,38,1572,440,108,1848,1745,14469,315,18931,419,110,1248,651,1413,119,3964,534,115,1936,1127,2220,142,6079,186,43,671,589,1005,93,2580,320,106,934,737,1552,121,3768,317,74,860,433,432,49,2177,907,224,2190,764,384,88,4556,130,30,420,216,441,31,1280,2232,501,5506,1401,1044,191,10877,199,68,655,510,1185,71,2684,717,353,1728,1355,1364,106,5626,1770,723,2345,557,593,61,6043,1185,385,2304,950,1096,124,6046,102,25,454,257,384,29,1253,325,95,629,531,2757,74,4409,408,82,1135,642,1859,426,4549,11231,3282,28003,14384,38049,2310,97253,27,24,158,135,188,37,576,9,0,20,8,5,0,54,377,128,1387,877,1050,132,3953,98,38,262,128,125,23,672,211,99,843,702,878,88,2829,303,75,917,475,541,73,2380,454,169,2336,1740,2130,256,7085,170,43,760,707
212,89,14,268,194,489,61,1115,48,11,72,54,162,11,352,1808,257,4299,3260,7793,601,18011,346,53,620,315,739,44,2117,914,144,2895,2654,15377,564,22541,817,146,1830,1032,2140,196,6167,1493,198,3376,2128,3099,337,10635,482,50,1432,1636,1546,203,5343,1372,179,2877,2470,3126,439,10465,662,105,1290,485,477,78,3096,1409,263,3064,942,576,144,6400,257,45,636,343,623,61,1964,3705,472,6885,1575,1082,265,13991,613,71,1294,954,1411,129,4467,1020,339,2068,1493,1512,161,6597,2487,569,2564,701,706,100,7130,2118,499,4230,1765,1860,272,10738,159,48,461,304,498,36,1495,419,80,963,1063,3833,175,6529,1048,99,2090,1375,3169,1214,9000,21262,3640,43229,24739,50197,5087,148160,58,19,212,193,232,46,749,15,0,32,9,15,0,85,868,173,2358,1439,1745,313,6897,157,34,370,165,197,23,944,388,101,1121,915,1131,145,3796,483,90,1319,751,790,116,3552,1076,252,3655,2416,2959,400,10764,466,80,1427,1197
213,99,3,201,148,288,38,781,47,11,114,65,164,9,405,1186,177,3171,1932,5216,346,12034,466,57,785,330,822,57,2512,978,129,2990,2488,13298,560,20438,614,86,1385,775,1638,126,4624,1601,199,3161,1699,2789,358,9803,617,77,1617,1706,1613,183,5810,2019,264,4127,3801,5375,689,16270,802,119,1596,463,469,95,3539,1922,393,4089,1051,668,156,8282,302,46,640,415,710,74,2185,4028,573,7742,1552,1022,281,15188,637,91,1333,836,1391,173,4459,1618,500,3140,1876,2353,237,9725,2217,710,2650,656,634,104,6971,1795,472,3492,1254,1450,221,8688,205,67,836,428,603,56,2190,385,86,892,854,3078,141,5430,1050,107,1938,1123,2564,1122,7898,22581,4166,45893,23456,46133,5018,147248,62,11,150,115,114,28,479,16,6,49,13,19,5,108,578,113,1820,904,1122,186,4721,277,62,511,166,181,29,1229,375,88,1108,773,944,111,3391,307,65,963,475,546,77,2429,1081,245,3780,2238,2737,386,10474,569,91,1627,1271
214,27,10,131,124,279,24,592,18,4,53,32,130,9,235,181,62,886,803,3105,134,5172,44,24,171,127,437,20,824,86,60,764,1145,10059,277,12386,98,30,360,309,805,54,1654,114,59,656,565,1350,96,2841,42,23,289,388,797,54,1596,86,24,318,360,903,81,1770,56,31,208,136,193,18,640,160,63,553,322,209,34,1342,39,16,174,174,400,35,834,539,176,1863,684,650,92,4000,53,35,267,309,836,43,1547,208,143,731,947,1138,71,3233,610,328,1235,321,343,50,2888,467,191,1142,473,720,76,3071,54,34,228,160,319,24,814,66,25,198,222,1512,39,2065,102,34,455,347,1193,247,2380,3046,1376,10680,7942,25356,1487,49886,23,11,107,99,131,15,379,5,3,16,10,9,0,38,103,56,528,482,657,57,1886,29,11,79,74,92,6,291,71,50,403,509,658,64,1759,49,37,274,231,281,39,900,112,111,910,1031,1554,193,3903,60,41,387,519
215,67,26,479,680,2438,270,3959,7,0,44,31,254,13,355,68,13,192,144,1170,88,1673,16,9,57,69,328,18,485,14,7,73,122,2575,72,2870,14,6,76,102,493,26,710,32,13,131,137,726,68,1110,24,15,100,144,405,34,719,19,6,55,130,722,55,984,4,0,21,16,79,6,129,8,9,59,63,51,7,200,9,3,26,20,99,6,161,76,32,298,136,177,13,735,13,0,49,54,263,25,402,79,56,268,399,687,48,1536,128,133,498,103,213,21,1092,179,70,426,285,475,41,1484,0,11,50,47,125,5,227,21,9,53,69,843,23,1021,16,12,62,78,501,191,854,783,436,3014,2820,12624,1025,20696,49,57,414,410,509,148,1587,0,4,13,11,16,0,43,16,17,162,119,284,52,640,11,3,34,18,60,6,139,3,5,67,94,167,12,350,5,3,54,62,136,18,278,22,23,176,235,796,71,1319,16,15,144,190
216,52,26,357,372,1257,142,2201,0,0,10,15,79,0,99,53,25,282,309,1864,83,2611,44,10,71,78,316,15,530,31,15,146,186,2678,76,3139,5,8,50,63,341,23,487,33,12,124,134,672,57,1025,15,6,85,130,378,27,648,14,8,51,123,595,51,838,11,7,29,22,37,4,107,14,9,72,69,33,4,197,3,0,28,16,97,6,154,72,46,329,146,194,25,807,16,7,28,60,245,25,376,62,26,162,229,362,23,870,121,144,431,92,181,17,980,243,93,402,218,378,32,1360,6,0,31,27,102,5,175,22,9,61,66,810,26,996,16,5,67,64,528,147,829,827,436,2815,2413,11142,784,18422,39,45,293,270,391,87,1131,0,0,3,7,5,0,14,31,17,182,159,369,40,803,21,9,56,46,59,4,192,15,11,68,88,210,16,413,6,3,32,35,74,8,155,30,21,195,259,677,84,1260,17,13,129,177
217,64,31,468,593,1887,173,3205,3,0,16,15,105,0,148,61,29,277,217,1570,87,2234,9,14,48,39,289,8,404,18,12,112,132,2635,76,2989,13,0,56,77,328,21,506,24,9,114,141,597,44,929,16,7,115,116,432,26,716,9,5,45,106,626,49,836,13,6,34,20,61,3,139,19,13,89,77,48,7,251,4,4,31,30,88,11,163,90,33,398,102,138,10,781,11,9,57,67,221,14,379,69,37,234,281,412,41,1070,178,140,450,97,167,16,1046,206,109,432,203,419,42,1418,12,4,49,28,95,4,200,26,12,46,46,624,16,770,14,3,68,59,452,119,718,860,467,3150,2447,11204,758,18891,43,41,423,377,524,112,1521,5,0,4,9,10,0,23,31,19,207,134,326,29,742,10,9,28,17,52,0,115,5,14,55,64,144,10,285,6,0,43,49,87,6,199,19,26,194,253,709,78,1288,28,21,200,191
297,0,0,0,0,0,0,0,0,0,0,0,0,0,0,0,0,0,0,0,0,0,0,0,0,0,0,0,0,0,0,0,0,0,0,0,0,0,0,0,0,0,0,0,0,0,0,0,0,0,0,0,0,0,0,0,0,0,0,3,0,4,0,5,0,0,0,0,0,0,0,0,0,0,0,0,0,0,0,0,0,0,0,0,0,0,0,0,0,0,0,0,0,0,0,0,0,0,0,0,0,0,0,0,0,0,0,0,0,0,0,0,0,0,0,0,0,0,0,0,0,0,0,0,0,0,0,0,0,0,0,0,0,0,0,0,0,0,0,0,0,0,0,3,0,4,0,11,0,0,0,0,0,0,0,0,0,0,0,0,0,0,0,0,0,0,0,0,0,0,0,0,0,0,0,0,0,0,0,0,0,0,0,0,0,0,0,0,0,0,0,0,0,0,0,0,0,0,0,0,0
299,0,0,8,3,17,0,34,0,0,6,0,0,0,5,5,0,10,0,30,0,56,0,0,0,0,8,0,15,0,0,18,9,97,0,123,3,0,0,0,13,0,13,0,0,3,3,23,0,34,0,0,18,11,13,3,50,3,0,16,6,22,0,45,4,0,6,4,0,0,10,6,0,11,0,4,3,24,0,0,6,0,0,0,12,13,0,21,12,8,0,54,0,0,10,10,9,3,27,7,0,18,5,24,0,48,7,3,3,4,0,0,23,14,3,11,6,6,5,45,0,0,7,0,4,0,13,0,0,0,0,10,0,21,0,0,9,9,13,11,44,77,10,187,85,299,34,695,4,0,3,0,4,0,15,0,0,0,0,0,0,0,0,0,14,3,11,0,23,0,0,7,0,0,0,5,0,0,0,0,4,0,8,0,0,3,0,4,0,7,0,5,13,3,11,3,34,3,0,32,8
301,18,0,49,40,122,17,242,88,24,219,103,380,19,832,174,51,556,534,2483,87,3882,63,22,162,173,388,15,826,119,54,743,900,6514,147,8480,85,21,290,257,817,53,1524,88,43,474,444,1377,74,2504,41,5,194,256,683,36,1213,130,50,438,507,1517,106,2749,41,8,189,147,189,21,595,122,73,465,323,231,36,1245,39,19,186,111,311,17,694,605,175,1761,685,600,99,3930,57,21,240,191,607,45,1161,255,145,750,701,856,65,2770,433,200,867,210,377,33,2114,380,140,952,487,640,51,2655,29,7,158,73,197,11,477,72,29,201,161,1444,36,1945,108,25,338,269,1045,193,1981,2959,1118,9236,6570,20789,1157,41821,9,3,38,28,44,5,130,32,9,69,25,46,9,192,73,35,357,339,467,52,1325,30,17,77,71,64,7,272,52,44,331,410,554,39,1426,57,18,183,184,259,25,725,84,49,622,692,1330,126,2897,42,30,272,331
302,22,9,41,27,55,10,156,124,35,321,86,267,12,846,179,54,612,395,1403,49,2690,116,38,341,173,271,4,953,168,55,821,612,4169,116,5943,112,31,345,188,492,38,1205,183,46,723,414,1077,80,2528,129,27,358,402,749,55,1717,276,85,891,766,1323,115,3451,62,16,316,147,179,8,723,234,99,755,324,218,32,1660,59,16,277,111,254,29,747,971,302,2760,636,512,82,5257,81,38,343,225,473,40,1204,457,276,1271,821,894,63,3779,596,246,1040,235,336,43,2487,756,215,1781,567,685,91,4093,48,13,261,107,241,17,677,89,37,255,197,964,37,1570,168,31,437,268,712,199,1810,4823,1668,13945,6708,15259,1101,43502,8,3,42,11,20,8,94,39,30,144,37,43,9,303,95,32,345,207,292,31,995,54,26,178,69,60,7,400,69,34,310,244,298,28,979,66,24,238,131,152,17,628,153,65,860,617,998,73,2759,115,26,495,421
303,39,9,122,42,63,9,286,274,54,514,81,220,11,1161,547,96,1479,676,1941,126,4861,218,56,459,182,281,24,1219,440,91,1692,930,5113,173,8441,344,42,756,343,717,63,2268,578,90,1746,736,1429,145,4731,304,42,1126,897,1179,123,3670,647,105,1541,1000,1377,190,4858,188,41,606,186,215,25,1256,634,203,1429,467,283,67,3086,256,42,635,219,320,46,1516,2406,509,5303,836,628,148,9836,264,51,794,409,615,68,2203,920,351,2033,785,831,96,5019,1806,454,2134,402,423,60,5279,1786,459,3692,818,866,184,7799,137,42,437,180,298,23,1124,239,61,569,371,1303,50,2594,490,64,1104,447,1019,456,3582,12532,2862,28179,10004,19130,2086,74794,29,4,60,34,33,4,160,89,25,222,54,48,6,447,309,68,832,327,403,63,1994,71,23,215,53,46,4,416,193,63,618,305,336,40,1547,216,39,509,185,223,33,1208,474,106,1900,954,1179,136,4751,329,54,1221,756
304,32,14,81,38,37,9,197,304,51,476,91,157,17,1091,302,57,651,253,691,35,1988,185,39,269,99,126,17,737,229,53,865,474,2164,69,3856,126,34,337,172,301,11,974,172,47,680,293,595,45,1839,94,19,301,252,483,33,1186,217,41,509,308,454,51,1582,116,27,308,94,93,5,633,397,121,941,261,138,30,1883,89,32,336,104,170,24,751,1923,399,3640,620,409,100,7094,91,40,370,147,274,25,938,669,244,1356,723,814,67,3884,1662,278,1211,208,257,40,3663,923,216,1511,292,295,80,3317,74,21,223,91,130,8,546,124,38,252,118,515,21,1078,226,41,476,155,350,108,1352,7957,1799,14798,4785,8459,791,38587,19,4,55,16,18,8,124,90,22,155,24,28,8,321,112,32,292,124,145,22,730,72,21,139,39,32,4,311,66,41,294,150,151,25,722,74,23,220,83,76,9,485,123,62,753,361,575,58,1929,105,25,379,245
305,74,7,140,38,36,13,311,495,84,961,109,242,19,1917,389,78,1033,373,858,44,2768,225,52,472,112,146,18,1031,405,106,1873,752,3083,131,6345,196,44,653,211,379,26,1506,327,69,1351,565,943,86,3333,310,69,1356,994,1265,151,4147,438,123,1247,635,814,134,3398,183,40,730,181,193,32,1358,736,296,2104,567,358,88,4141,215,78,968,282,386,55,1981,3179,826,7878,998,721,213,13820,245,83,974,337,535,78,2249,897,406,2051,674,630,87,4744,1704,376,1658,266,310,62,4392,1962,387,3464,553,552,150,7068,147,54,620,194,294,26,1332,170,48,440,237,754,34,1688,450,68,1129,308,612,294,2854,12751,3303,31105,8376,13105,1742,70385,35,16,90,31,29,7,211,171,72,439,60,62,11,823,214,60,617,218,229,30,1370,137,49,299,73,46,6,622,169,81,635,279,225,31,1427,131,60,455,147,131,27,945,311,105,1776,792,829,107,3923,350,71,1848,841
306,45,27,337,273,1170,165,2016,36,13,122,158,1128,39,1493,39,21,160,270,1874,64,2433,22,12,92,124,550,13,809,47,16,273,366,5032,154,5884,12,10,96,110,605,30,862,61,24,322,281,1376,99,2157,88,21,528,519,1374,146,2673,78,32,393,594,1414,105,2622,5,8,68,34,142,15,276,30,25,103,119,91,12,372,8,5,96,89,268,21,493,242,100,920,272,340,58,1931,40,14,172,173,678,59,1124,210,125,722,942,1526,90,3614,403,237,867,236,395,55,2196,479,174,1323,575,957,103,3615,28,5,108,85,250,23,498,69,18,168,125,1407,44,1840,41,13,174,191,962,287,1675,1984,898,7025,5553,21547,1576,38581,66,28,317,202,366,94,1069,9,3,47,39,78,13,191,23,12,160,133,285,25,650,11,8,35,37,55,3,152,30,21,146,192,416,35,833,4,3,74,80,185,16,371,64,41,479,585,1429,153,2751,137,37,725,694
307,63,29,581,572,1868,185,3307,9,11,54,79,587,16,753,28,10,102,102,1118,56,1422,9,7,50,70,443,10,600,13,9,103,161,2091,89,2472,6,8,69,65,300,23,472,13,9,83,97,675,27,906,13,4,52,68,337,34,506,4,0,45,80,643,56,825,0,0,10,9,36,0,62,8,4,52,31,26,0,122,0,0,16,32,91,5,149,36,30,225,76,131,14,510,9,8,22,28,140,14,223,40,33,175,271,569,35,1130,78,78,352,87,163,7,771,70,35,254,122,234,19,734,0,0,11,11,50,4,73,11,10,52,43,760,10,881,17,5,64,63,580,145,867,414,296,2390,2081,10843,754,16788,34,50,553,446,611,100,1787,4,3,31,33,71,0,132,10,9,115,94,261,27,510,7,6,46,31,69,6,155,10,9,79,88,204,14,410,3,6,40,47,112,7,219,24,18,146,198,818,68,1270,19,12,100,126
308,14,11,171,200,805,86,1293,86,46,316,379,4050,135,5015,112,37,389,322,2775,113,3750,62,27,195,263,939,34,1515,35,25,198,268,4418,143,5090,9,5,82,78,847,29,1052,47,11,166,140,998,57,1416,36,9,121,151,733,53,1102,43,29,228,269,1658,124,2343,7,3,37,22,92,9,162,14,13,66,74,58,5,225,4,4,47,34,267,8,364,100,53,513,167,372,38,1243,27,5,77,90,568,42,804,119,87,457,514,1105,70,2342,296,188,720,126,321,24,1674,290,89,652,264,533,52,1888,4,0,28,25,113,7,176,29,12,91,95,1371,26,1621,21,6,87,89,989,205,1404,1349,657,4639,3559,23013,1253,34472,20,24,269,187,279,46,820,34,19,175,137,454,38,858,36,22,219,156,458,51,935,19,15,104,96,213,8,451,7,15,134,171,461,28,816,0,5,49,45,187,4,286,32,42,284,333,1348,125,2165,26,6,195,232
309,30,4,103,101,288,30,565,88,22,226,216,883,39,1473,255,58,1056,960,4893,200,7417,89,18,175,188,732,42,1250,379,109,1833,2382,16709,503,21919,147,37,548,464,1258,77,2528,422,84,1573,1320,3447,238,7083,416,87,1565,1697,2987,260,7009,293,83,989,1052,2264,231,4909,130,33,528,355,609,48,1699,351,150,1085,846,563,84,3065,250,65,803,485,1084,113,2797,1321,353,4314,1393,1317,220,8919,194,66,733,689,1659,114,3450,480,268,1401,1441,2018,132,5750,1384,531,2469,639,893,127,6040,1910,430,3512,1320,1774,235,9179,154,48,702,589,1285,90,2865,162,45,492,544,3217,147,4607,389,69,1123,764,2734,699,5769,8849,2559,25240,17455,50584,3613,108293,31,16,106,89,127,20,383,20,4,80,50,61,3,219,148,50,766,681,975,90,2702,27,18,78,65,75,4,268,189,82,856,940,1355,146,3568,110,45,459,398,510,51,1578,466,151,2283,2381,3756,375,9412,407,115,2048,2027
310,28,8,146,131,514,56,877,80,17,162,102,516,23,888,209,56,665,789,4139,188,6044,78,17,210,179,685,22,1189,85,40,480,604,6056,182,7451,73,24,252,281,1162,56,1840,157,35,535,509,1872,131,3233,66,3,249,317,965,75,1677,193,49,547,718,2359,186,4049,42,13,138,108,187,13,512,130,50,377,222,240,18,1038,45,12,125,114,333,37,673,606,153,1571,632,787,71,3824,68,30,242,247,850,47,1489,396,196,1146,1385,2575,146,5843,548,260,1016,287,594,44,2745,555,200,1345,763,1127,94,4084,20,9,126,85,258,17,509,78,27,252,239,1922,46,2558,147,31,353,346,1638,398,2909,3599,1220,9939,8055,28778,1854,53447,25,11,144,109,193,31,517,17,9,60,35,53,3,180,119,38,463,405,906,80,2016,29,17,95,72,133,8,355,46,26,218,261,513,28,1087,47,20,195,191,337,19,812,123,55,736,773,2095,145,3931,54,16,352,441
311,10,0,54,57,249,20,404,31,17,77,78,431,13,646,141,36,533,659,4179,163,5717,36,13,111,136,533,21,845,119,35,552,931,8771,243,10655,71,16,232,303,1250,55,1930,123,38,547,535,1995,137,3376,76,13,238,291,797,52,1463,201,50,585,725,2490,206,4255,48,4,159,98,242,7,556,95,35,265,225,231,21,876,29,5,120,105,370,27,657,387,94,1241,485,680,64,2948,60,17,208,242,872,57,1449,231,111,669,693,1225,87,3010,394,200,867,266,491,39,2250,353,141,981,574,1025,73,3161,14,11,119,96,281,18,538,84,23,214,293,2228,68,2915,111,21,331,297,1862,467,3086,2618,875,8101,7086,30210,1848,50737,10,3,55,56,134,17,272,14,7,39,26,54,4,150,95,33,369,445,880,100,1928,15,6,48,55,90,8,221,59,35,301,403,785,54,1638,41,19,220,202,442,37,956,135,55,670,861,2099,161,3987,84,19,346,479
312,26,5,125,143,795,78,1182,104,75,503,549,5317,187,6730,45,12,184,204,1760,71,2274,4,0,36,48,342,11,447,14,14,147,236,3355,94,3865,14,13,73,115,1005,24,1246,25,5,102,106,736,35,1012,42,14,244,254,776,73,1398,54,25,205,311,1514,85,2196,0,0,19,16,43,3,83,17,11,53,47,37,5,176,12,3,41,44,268,11,383,82,35,486,160,422,21,1213,8,8,66,73,615,35,804,65,46,240,275,607,39,1285,115,87,443,90,179,21,927,244,54,500,133,250,39,1225,0,0,15,21,83,6,133,14,8,73,95,1412,28,1620,24,9,73,93,884,198,1281,910,437,3640,3027,20407,1070,29482,20,21,194,112,237,39,624,46,34,284,263,833,43,1496,14,11,102,127,321,15,591,4,0,25,35,68,4,142,15,7,110,153,382,20,691,3,5,51,72,253,22,407,33,17,257,259,1106,98,1764,81,17,464,391
313,19,6,160,100,378,40,706,24,12,98,93,591,35,855,51,26,329,339,2708,120,3573,37,5,87,130,485,14,762,47,10,290,556,6467,164,7531,36,8,86,155,688,37,1006,36,14,268,325,1507,88,2235,21,11,129,201,803,47,1215,44,29,264,415,1743,90,2575,9,9,78,81,166,13,352,37,35,179,164,178,20,606,16,0,68,90,295,19,493,193,74,700,412,498,51,1931,20,9,101,159,677,35,998,118,119,427,667,1040,78,2440,201,140,613,216,412,28,1613,195,111,679,468,866,74,2399,10,6,57,55,208,12,349,30,19,96,147,1476,28,1785,41,17,125,196,1233,283,1897,1192,655,4813,4959,22420,1278,35314,16,16,218,115,166,53,576,4,4,36,50,45,3,148,27,14,234,234,486,46,1045,13,3,59,47,94,13,226,23,16,163,285,525,40,1059,10,7,105,105,216,24,464,37,30,412,598,1658,155,2886,19,23,203,363
314,13,8,48,31,75,8,183,88,32,252,120,331,15,828,92,39,414,386,1948,57,2934,80,20,204,160,386,4,851,89,31,497,665,5289,140,6712,58,21,236,210,599,28,1152,131,45,497,433,1373,66,2539,39,15,205,249,723,36,1269,158,54,493,651,1436,96,2883,49,13,230,146,196,16,647,144,69,447,296,233,28,1229,32,10,118,93,265,17,529,592,171,1733,581,560,76,3713,49,18,227,205,533,30,1056,300,193,890,1018,1250,61,3710,385,185,792,217,345,19,1943,418,156,1140,550,686,75,3029,28,10,122,83,229,15,489,74,22,180,208,1314,31,1825,102,28,310,216,877,180,1714,2932,1136,9042,6507,18640,981,39236,4,5,34,24,43,0,111,26,10,84,28,46,6,202,44,17,226,210,378,25,897,26,10,100,53,66,10,259,27,28,243,268,423,28,1014,30,8,155,121,227,19,568,96,38,662,680,1385,83,2938,51,14,302,337
315,10,9,105,173,843,72,1208,81,28,286,143,1848,59,2442,5,0,28,30,319,15,396,0,0,10,18,175,12,219,12,4,23,52,947,50,1090,3,0,9,19,123,8,163,14,0,46,42,275,33,402,3,0,57,62,221,12,357,6,7,32,63,317,45,460,0,0,4,0,16,0,29,0,0,3,4,9,0,17,0,0,9,3,44,6,62,10,3,62,28,61,0,162,3,5,14,24,127,13,188,53,25,182,261,807,100,1423,64,49,220,41,123,12,502,68,35,191,84,186,29,587,4,0,11,16,49,11,96,7,4,16,21,365,10,426,8,0,21,24,223,104,375,350,156,1328,1114,7070,595,10617,13,23,231,177,364,41,852,28,18,142,94,280,16,591,4,0,26,20,72,3,125,0,0,4,3,18,6,33,3,0,26,33,105,18,189,0,0,15,10,60,8,93,11,6,106,86,307,53,567,12,8,105,93
316,65,20,217,172,576,57,1095,79,32,287,263,1314,32,2000,123,50,491,476,2733,72,3935,40,16,172,153,590,17,987,129,62,971,1166,11207,329,13857,67,19,238,234,772,34,1370,129,44,796,604,2145,133,3851,134,35,628,718,1884,123,3527,101,44,392,529,1331,101,2491,46,14,206,145,254,22,684,173,92,640,513,431,47,1891,57,33,330,235,569,61,1285,699,233,2327,881,846,123,5104,72,25,340,308,1146,77,1962,250,175,851,913,1010,79,3279,679,420,1773,418,605,70,3971,1121,285,2518,898,1447,146,6421,51,31,235,182,469,32,998,66,47,263,272,1970,41,2660,159,20,485,366,1600,334,2965,4260,1680,14146,9443,32883,1925,64338,37,15,190,120,214,33,616,13,4,66,43,81,4,210,76,53,431,354,596,54,1567,25,19,101,62,89,6,295,47,42,468,521,883,82,2049,39,19,225,175,267,35,758,138,97,1126,1150,2453,224,5192,121,81,852,932
317,109,8,326,205,445,57,1151,14,9,63,119,477,16,695,80,24,279,243,1679,66,2368,32,15,84,94,345,3,572,42,19,189,277,3184,58,3767,31,11,112,84,511,15,765,91,21,245,178,920,32,1491,64,10,147,154,532,26,929,56,13,148,172,778,50,1216,17,7,42,40,82,5,196,58,39,216,109,135,4,559,14,12,78,32,137,7,286,189,72,662,217,296,31,1470,29,9,86,64,304,23,509,161,78,485,516,766,50,2056,518,181,804,184,304,25,2022,503,143,970,393,739,65,2812,14,3,33,25,104,9,185,41,20,114,91,934,26,1223,65,9,139,101,544,123,976,2122,699,5226,3311,13208,694,25251,55,18,288,158,215,46,778,4,0,19,14,31,0,68,28,14,147,110,291,28,614,4,3,34,22,38,0,102,28,12,129,138,276,13,591,9,3,61,53,133,11,271,69,19,325,313,1034,69,1825,29,11,189,201
318,27,5,136,122,821,67,1171,57,24,231,158,1614,53,2150,66,22,310,236,2175,80,2884,31,11,139,168,543,9,906,35,17,279,356,4408,128,5220,10,4,64,69,638,22,813,62,18,262,179,1200,63,1782,48,3,190,204,774,64,1289,44,20,188,299,1194,66,1810,12,6,72,59,161,5,325,31,13,125,104,75,12,366,13,3,63,48,237,14,379,262,68,852,252,405,41,1878,11,3,82,92,442,26,657,298,135,960,1104,2616,122,5244,471,163,841,190,437,20,2129,487,137,1266,388,787,74,3146,28,7,78,59,177,14,366,40,11,105,106,1344,41,1636,36,11,117,103,880,184,1331,2089,690,6362,4305,20934,1091,35469,21,6,131,88,164,31,449,15,11,80,46,128,6,289,25,13,126,131,361,21,678,13,10,71,56,106,8,266,13,12,146,192,402,34,802,0,4,60,47,190,16,320,48,36,416,386,1372,113,2375,49,24,317,337
319,67,31,385,365,1634,231,2711,12,11,62,136,1195,48,1461,52,19,231,255,2708,116,3380,19,12,61,136,708,29,960,16,21,148,325,4960,141,5613,7,4,56,90,485,21,656,51,14,226,233,1585,92,2198,21,6,122,191,974,66,1381,21,5,90,168,1048,80,1414,12,4,41,38,104,11,199,16,16,74,100,107,12,314,12,7,47,67,234,19,386,101,43,429,187,334,39,1131,4,9,65,99,564,40,786,91,73,440,650,1131,86,2470,226,167,941,207,417,28,1987,454,149,1062,516,1417,93,3693,8,3,26,33,171,14,261,37,13,90,106,1500,37,1785,22,7,124,135,1114,301,1714,1241,611,4722,4037,22393,1497,34504,43,43,420,284,580,149,1528,3,4,21,29,69,8,133,27,21,205,146,516,53,974,9,3,34,30,58,3,143,6,12,122,170,445,26,776,11,4,46,64,135,13,266,26,27,316,443,1887,155,2861,23,23,182,323
397,0,0,0,0,12,6,12,0,0,0,0,0,0,3,0,0,0,0,0,0,0,0,0,0,0,0,0,0,0,0,0,0,3,0,3,0,0,0,0,0,0,0,0,0,0,0,0,0,0,0,0,0,0,0,0,0,0,0,0,0,0,0,0,0,0,0,0,0,0,0,0,0,0,0,0,0,0,0,0,0,0,0,0,0,0,0,0,0,0,0,0,0,0,0,0,0,0,0,0,0,0,0,0,0,0,0,0,0,0,0,0,0,0,0,0,0,0,0,0,0,0,0,0,0,0,0,0,0,0,0,0,0,0,0,0,0,0,0,0,0,0,0,3,0,17,5,26,0,0,0,0,0,0,0,0,0,0,0,0,0,0,0,0,0,0,0,0,0,0,0,0,0,0,0,0,0,0,0,0,0,0,0,0,0,0,0,0,0,0,0,0,0,0,0,0,0,0,0,0,0
399,0,0,28,11,31,6,77,0,0,5,5,36,0,48,3,0,9,3,42,0,63,0,0,6,0,13,0,23,0,0,9,13,142,6,176,0,0,3,0,3,0,5,8,0,15,9,25,0,54,4,6,33,13,44,4,103,7,4,3,14,47,3,77,0,4,4,5,0,0,17,0,0,5,3,0,0,16,0,0,0,4,7,0,16,11,4,36,16,22,3,84,7,0,19,8,26,0,61,7,3,8,7,21,4,46,5,4,10,12,12,0,35,12,0,21,10,17,4,64,0,0,5,0,4,0,10,4,0,0,4,33,0,38,7,0,17,6,32,16,72,78,23,237,133,572,57,1092,7,3,60,19,23,5,119,4,0,4,0,6,0,13,0,0,3,6,3,0,21,0,0,3,3,3,0,5,3,0,4,4,8,0,21,0,0,8,3,4,0,17,4,0,13,19,34,5,69,11,3,62,34
401,104,30,275,153,314,36,915,214,47,473,87,362,20,1198,526,150,1324,556,1477,69,4105,200,55,421,153,342,30,1203,308,71,1163,640,4186,164,6532,169,55,457,239,479,38,1429,360,72,1115,439,1136,95,3219,265,40,886,565,902,101,2748,319,51,692,386,713,71,2234,158,41,486,195,200,14,1093,475,177,1074,523,246,43,2536,113,38,439,248,322,27,1190,1987,542,4822,834,608,154,8959,194,41,514,284,560,46,1637,928,334,1871,759,1016,89,4988,1800,376,1839,338,346,46,4743,1852,388,3358,554,637,158,6944,103,36,382,126,217,25,890,169,60,429,237,1286,35,2213,271,43,541,231,484,179,1754,10507,2644,22559,7551,15852,1430,60542,67,26,174,104,111,7,490,48,27,193,25,44,5,338,257,81,779,308,381,46,1856,101,30,169,70,75,12,453,134,36,447,252,310,40,1224,106,42,295,131,152,24,748,282,83,1367,546,1093,128,3507,252,53,1020,470
402,52,14,172,125,392,63,820,49,16,132,79,564,16,862,506,84,1375,1023,4621,234,7846,99,38,290,191,762,35,1414,209,41,827,746,7551,276,9644,121,24,295,293,1402,72,2212,376,50,1070,673,2394,145,4708,207,24,531,457,1083,88,2384,395,54,832,890,2380,221,4779,125,22,292,154,351,26,961,180,64,456,345,347,27,1419,43,14,133,144,351,26,711,765,180,1980,696,826,101,4551,196,26,494,344,1194,81,2329,747,224,1571,1423,2574,138,6680,843,236,1477,395,622,57,3636,812,237,2137,870,1620,162,5829,39,11,155,119,278,19,620,115,45,352,407,2399,76,3393,198,20,424,305,1340,409,2689,6072,1419,14995,9685,33058,2274,67495,46,8,148,75,147,24,456,18,5,44,26,67,7,172,183,47,685,466,993,79,2444,42,15,109,59,164,8,395,91,28,322,281,643,48,1404,54,18,197,160,373,31,832,221,60,1055,711,2504,179,4729,161,24,605,401
403,44,18,164,84,266,42,615,100,15,294,127,713,27,1279,311,97,1016,733,3008,110,5283,101,58,350,237,703,28,1470,139,54,946,805,7994,204,10141,84,35,382,245,846,31,1623,185,62,926,560,1911,119,3763,133,24,526,383,1201,85,2354,201,55,559,530,1401,108,2843,73,26,304,182,311,30,928,223,115,784,522,430,45,2118,46,17,250,198,314,21,844,978,308,2947,872,861,123,6088,141,42,459,344,1059,64,2112,576,285,1560,1192,1730,115,5464,1241,366,2015,438,627,53,4736,1258,369,2516,869,1504,160,6674,71,13,276,161,326,27,872,144,52,361,271,1942,66,2847,143,32,402,231,927,224,1961,6196,2053,17037,8986,28077,1687,64030,28,14,84,58,60,13,250,24,10,103,37,50,8,236,118,51,541,324,627,54,1708,61,26,134,77,114,17,426,56,23,345,261,539,50,1278,55,14,192,138,238,19,651,156,73,1090,697,1986,175,4179,146,35,644,381
404,29,5,86,35,106,12,286,75,23,177,59,294,11,637,300,57,916,629,1999,122,4029,84,26,301,125,355,23,908,189,48,829,522,3996,115,5694,63,24,278,200,541,38,1149,226,36,776,363,1106,96,2606,201,27,605,454,828,73,2186,253,48,643,592,1165,120,2822,65,16,258,132,192,17,685,188,89,586,337,242,26,1467,33,15,179,126,241,14,619,744,186,2121,510,518,75,4154,132,18,364,215,527,39,1302,474,214,1345,721,1033,82,3873,703,201,1198,234,343,35,2716,737,215,1714,544,779,98,4088,76,10,249,116,243,28,721,83,32,263,243,1199,45,1858,120,39,356,200,630,212,1562,4770,1348,13249,6371,16330,1291,43356,15,0,63,23,40,4,152,17,6,82,32,48,0,183,155,42,504,247,406,61,1417,44,7,125,67,88,8,340,81,24,276,186,294,22,882,50,22,190,93,179,17,553,164,77,891,456,1004,115,2710,191,24,644,408
405,38,20,295,260,1465,104,2174,9,3,34,56,464,18,581,65,35,331,254,1659,85,2419,3,4,20,30,299,4,359,15,9,53,72,1741,73,1957,0,7,46,62,321,22,456,28,3,93,83,532,37,780,6,0,52,62,303,25,449,5,10,30,65,505,46,658,0,0,19,5,49,0,75,13,3,32,51,33,4,133,3,0,11,33,56,4,103,53,20,144,66,130,9,431,5,5,19,37,262,18,346,50,29,126,233,387,19,840,99,57,342,77,150,15,736,76,42,194,110,246,10,682,4,0,20,14,59,0,103,10,8,41,50,594,14,710,7,3,38,37,305,77,465,480,258,1945,1650,9543,595,14468,27,37,240,237,317,44,902,0,0,9,20,28,8,77,34,20,197,157,391,24,825,6,6,0,6,30,5,53,3,6,42,61,135,14,254,0,0,28,35,87,10,164,18,15,174,150,613,50,1022,21,8,113,107
406,8,9,138,153,859,133,1298,37,12,132,98,1103,40,1424,47,8,87,79,865,16,1107,4,3,11,17,206,17,252,18,0,68,80,1355,61,1584,3,0,17,20,186,20,247,23,4,51,50,337,29,496,14,3,38,62,259,19,407,8,6,39,84,452,42,624,0,0,6,4,14,5,32,0,4,11,23,38,4,81,0,0,11,22,38,0,78,22,12,103,47,89,6,277,7,0,25,30,160,19,235,23,18,106,168,407,34,760,67,38,327,45,144,15,635,81,12,189,93,211,30,621,0,0,14,4,31,9,54,9,3,31,25,403,18,506,11,0,24,41,230,70,370,373,141,1446,1152,7401,573,11074,17,20,132,126,187,45,520,18,8,53,43,155,9,282,8,4,42,42,114,5,214,3,0,10,9,10,0,36,0,0,30,41,142,3,219,5,3,6,19,45,0,81,12,11,102,84,428,39,673,22,13,72,110
407,72,50,588,626,2586,288,4202,8,3,29,40,420,17,514,57,33,326,261,2109,115,2900,3,0,25,61,380,13,487,16,10,114,158,3231,109,3643,9,0,61,80,493,36,685,31,7,151,138,1026,61,1429,20,8,89,124,614,47,897,12,3,61,108,732,66,983,9,3,31,22,70,7,143,12,9,49,91,61,7,229,4,3,27,49,107,13,206,77,19,313,130,241,33,811,15,3,74,78,412,26,607,66,51,230,300,763,36,1450,134,82,507,105,270,18,1119,146,54,442,218,520,47,1431,4,5,37,40,135,10,232,17,22,58,87,1151,39,1380,22,17,78,70,567,174,917,734,387,3312,2785,15887,1158,24270,62,48,513,372,695,122,1802,4,5,11,13,37,5,68,37,15,261,195,515,54,1080,0,4,16,13,41,0,75,11,14,63,85,270,24,472,4,0,49,59,138,14,268,23,23,259,281,1235,126,1944,26,14,150,196
497,0,0,0,0,0,0,6,0,0,0,0,0,0,0,0,0,0,0,0,0,0,0,0,0,0,0,0,0,0,0,0,0,0,0,0,0,0,0,0,0,0,0,0,0,0,0,0,0,0,0,0,0,0,0,0,0,0,0,0,0,0,0,0,0,0,0,0,0,0,0,0,0,0,0,0,0,0,0,0,0,0,0,0,0,0,0,0,0,0,0,0,0,0,0,0,0,0,0,0,0,0,0,0,0,0,0,0,0,0,0,0,0,0,0,0,0,0,0,0,0,0,0,0,0,0,0,0,0,0,0,0,0,0,0,0,0,0,0,0,0,0,0,0,0,0,0,3,0,0,0,0,0,0,0,0,0,0,0,0,0,0,0,0,0,0,0,0,0,0,0,0,0,0,0,0,0,0,0,0,0,0,0,0,0,0,0,0,0,0,0,0,0,0,0,0,0,0,0,0,0
499,0,0,3,0,5,0,7,0,0,0,3,4,0,13,0,0,4,5,7,0,14,0,0,0,0,5,0,3,0,0,4,3,22,0,31,0,0,0,0,0,0,4,0,0,0,3,14,6,15,4,0,3,0,13,0,20,0,0,0,0,23,8,26,0,0,0,0,3,0,5,0,0,0,0,5,0,3,0,0,4,3,0,0,9,4,0,12,0,4,0,21,0,0,10,0,9,3,26,3,0,0,0,3,0,8,0,0,5,3,0,0,10,4,0,9,0,5,3,21,0,0,3,0,0,0,3,0,0,0,0,5,0,5,0,0,0,0,8,0,14,19,3,59,20,142,18,264,0,0,0,0,0,0,7,0,0,4,0,0,0,7,0,0,5,0,3,0,3,0,0,3,0,0,0,6,0,0,3,0,3,0,13,0,0,0,0,0,0,0,0,0,0,0,4,0,7,0,0,0,3
501,41,22,275,252,854,99,1541,86,42,415,454,3117,109,4230,95,45,555,400,2314,126,3534,20,11,67,115,670,25,904,34,22,275,469,4153,162,5119,15,7,49,73,385,15,546,25,10,212,169,899,56,1371,36,12,206,219,708,61,1245,24,15,106,161,771,57,1138,8,6,46,28,69,7,159,26,18,84,95,53,6,275,11,4,60,87,142,9,312,115,49,501,219,323,39,1240,8,4,95,71,434,31,641,77,56,312,313,658,30,1459,140,196,564,129,239,15,1283,235,64,590,185,412,40,1529,8,9,51,38,123,12,240,37,12,74,64,961,19,1174,28,6,130,125,713,153,1155,1070,612,4662,3674,18011,1076,29107,32,31,260,171,360,66,919,32,9,151,108,356,33,693,43,43,356,207,509,53,1195,10,6,38,32,91,8,184,17,18,141,179,420,41,809,0,6,56,49,137,13,262,46,31,406,411,1421,133,2449,45,33,411,375
502,0,3,35,25,95,18,174,43,26,206,363,2012,86,2733,66,10,151,192,1305,45,1771,3,3,23,50,209,8,297,13,8,98,233,1848,75,2279,14,0,20,35,184,8,257,27,3,84,100,466,25,711,13,3,66,80,324,27,511,20,0,58,92,364,25,556,9,4,12,10,34,0,67,6,6,28,53,35,0,128,3,5,26,45,90,7,180,61,18,187,135,194,16,611,9,0,37,54,219,15,334,44,36,136,184,354,33,783,77,66,267,62,118,10,602,77,17,217,105,194,17,623,4,0,21,27,53,9,118,11,5,35,45,457,18,575,16,8,63,79,434,84,679,514,225,1764,1958,8994,523,13985,4,0,24,16,38,11,100,32,9,82,117,235,21,499,13,19,110,96,217,20,481,3,0,19,6,34,3,69,6,13,48,89,183,15,350,8,0,19,29,38,7,102,24,3,164,232,738,90,1246,13,8,116,130
503,41,8,120,35,30,6,251,1285,199,2260,296,660,65,4768,219,47,563,182,363,33,1406,138,32,239,34,81,9,538,326,67,1024,464,1220,83,3183,148,20,366,111,184,20,848,249,39,823,223,391,61,1787,159,27,762,490,556,66,2069,191,45,507,230,249,49,1270,63,23,275,76,65,13,519,319,167,1025,274,113,38,1927,113,30,480,182,150,32,988,2144,411,4549,554,346,131,8126,164,42,414,161,181,23,989,498,171,945,288,334,45,2275,1043,269,963,147,145,52,2621,1506,234,2389,250,237,121,4735,116,29,333,129,118,20,737,135,21,245,112,346,19,873,393,54,776,184,263,148,1822,9251,1929,19057,4427,6036,1029,41734,20,12,71,21,14,3,132,490,127,1048,138,125,17,1950,115,32,288,119,89,29,668,89,26,189,37,23,8,363,120,49,404,138,108,32,856,55,33,229,66,60,18,460,213,78,958,357,410,74,2096,163,37,933,507
504,24,6,85,48,165,12,349,385,121,1136,649,3142,116,5558,150,43,578,489,2383,110,3743,51,22,190,97,320,13,699,154,42,720,841,4752,193,6705,89,22,308,234,1098,44,1794,142,32,644,474,1307,97,2696,95,18,380,435,855,72,1855,199,70,671,718,1560,153,3380,51,13,163,130,186,14,568,124,40,395,219,153,25,952,29,14,158,130,267,16,615,630,178,1986,619,653,111,4174,61,26,272,197,582,56,1187,340,200,989,751,1189,93,3562,422,311,939,244,390,38,2348,371,150,1054,471,743,83,2864,52,14,197,119,290,29,701,82,18,235,227,1738,52,2358,160,24,505,345,1318,294,2638,3609,1367,11610,7450,23079,1625,48733,11,3,69,49,69,14,218,159,83,477,224,437,45,1426,75,35,299,238,415,68,1130,34,17,83,50,111,9,309,64,38,319,293,464,45,1223,40,25,207,169,319,33,801,218,58,824,643,1508,162,3410,89,24,480,406
505,42,9,147,94,251,46,592,1107,270,2951,1343,5312,274,11256,371,85,1140,870,3402,180,6044,211,51,477,257,741,42,1783,468,142,2234,2303,12955,503,18599,204,47,774,425,1409,84,2938,423,99,1590,908,2499,218,5735,207,41,904,848,1715,162,3882,402,108,1282,1090,2033,217,5138,123,30,425,253,446,37,1315,361,192,1419,811,400,80,3254,80,30,482,350,445,50,1441,1994,488,5751,1762,1450,284,11734,206,64,662,484,1265,114,2808,714,410,2177,1562,2095,210,7160,1254,729,2424,535,804,99,5845,1137,336,2810,996,1330,196,6805,112,53,540,270,528,59,1571,198,65,590,508,2952,117,4431,419,83,1140,703,2362,562,5274,10037,3352,29929,16366,44402,3518,107605,30,11,128,73,121,32,393,395,152,1217,475,703,69,3009,154,57,658,473,601,90,2033,105,40,284,123,175,18,743,132,92,965,735,1103,136,3172,86,44,472,253,399,62,1325,436,121,1958,1437,2864,330,7149,219,65,1202,927
506,57,15,151,97,251,20,592,1160,237,2673,1073,4426,258,9817,519,111,1493,1063,3993,202,7381,192,38,450,184,638,27,1533,533,100,1774,1329,7899,355,11984,297,49,750,509,1764,106,3477,506,78,1562,812,2175,211,5346,262,37,1092,1190,1662,169,4410,741,129,1802,1685,2686,298,7353,133,20,388,208,259,29,1033,342,97,877,377,252,51,1998,111,28,370,256,487,47,1295,1949,368,4765,1220,1179,227,9703,248,44,708,464,1033,98,2596,844,331,1779,1129,1771,154,6002,1329,494,1959,437,621,95,4930,1158,335,2680,871,1127,186,6359,118,23,436,252,526,42,1395,215,56,604,523,2688,120,4206,524,78,1223,710,2210,690,5436,11230,2680,27519,14398,37646,3376,96850,33,10,124,77,116,22,383,369,128,1068,379,702,78,2723,232,73,798,434,729,96,2349,78,24,208,104,118,18,554,214,67,744,465,785,82,2350,129,41,455,262,461,54,1405,516,124,1924,1143,2395,265,6366,329,69,1377,979
507,42,12,117,65,222,20,482,854,201,1975,1003,4585,213,8830,393,101,1267,959,4525,199,7443,125,38,326,213,645,24,1367,333,93,1423,1303,8013,345,11518,162,38,526,336,1230,69,2365,215,51,924,609,1796,132,3727,130,24,595,508,1283,121,2657,261,85,829,821,1996,188,4167,62,23,287,134,199,16,713,226,90,715,360,218,41,1656,79,18,324,236,420,32,1114,1411,308,3778,1099,1135,174,7904,95,36,409,271,857,76,1750,611,326,1620,1418,2408,188,6576,1110,520,1754,381,636,81,4484,995,297,2242,573,894,135,5127,82,27,342,178,391,38,1057,136,54,362,274,1980,57,2870,300,67,893,496,2024,448,4229,7632,2414,20708,11231,35450,2605,80041,26,15,110,45,93,20,309,288,115,875,332,614,52,2272,178,79,727,452,735,81,2253,71,29,197,80,137,13,530,111,56,605,430,720,84,2012,76,29,289,203,341,41,976,236,98,1396,1019,2369,237,5355,119,40,861,597
509,78,18,714,490,2038,242,3580,24,16,114,155,1213,44,1559,23,12,131,97,870,77,1208,0,5,22,41,308,5,379,15,7,87,212,2022,68,2406,9,3,80,65,482,16,661,11,3,80,101,600,45,845,14,14,58,94,335,38,543,7,10,56,88,624,31,817,8,6,26,9,51,0,96,9,4,50,35,48,6,150,3,0,17,40,80,6,144,71,21,268,114,128,20,620,8,0,35,45,226,18,324,68,42,226,304,696,61,1391,91,134,361,102,205,16,900,115,43,336,156,281,37,962,10,0,24,18,70,7,132,16,12,47,51,777,26,935,17,4,46,61,444,143,717,589,346,2776,2274,11517,891,18396,48,74,659,397,597,135,1913,11,10,50,58,123,18,270,11,8,101,91,194,41,446,3,0,19,19,34,9,84,5,3,59,98,204,19,385,4,8,58,45,163,12,302,21,15,165,204,719,81,1205,21,16,182,178
510,9,6,58,47,176,21,319,137,60,498,509,4083,135,5426,17,6,60,45,364,11,507,15,5,28,33,214,15,303,31,9,109,163,1587,70,1966,4,0,19,35,268,10,339,24,0,74,57,278,32,468,29,5,126,121,340,30,650,35,18,172,205,594,39,1060,0,6,20,13,32,4,70,5,0,17,4,9,0,27,3,3,26,30,114,7,181,35,13,121,62,130,7,368,9,4,48,61,259,11,397,69,34,212,234,399,34,985,80,91,292,54,190,17,724,95,30,210,76,209,27,650,5,0,29,17,50,7,107,21,4,49,49,429,25,576,26,8,76,51,445,113,717,642,311,2246,1866,10155,617,15844,16,5,60,36,75,9,198,67,34,298,241,665,44,1348,3,0,34,24,56,3,125,6,0,26,20,42,5,99,15,0,52,76,145,14,302,0,0,20,17,56,9,104,32,7,170,123,292,49,675,34,3,264,162
511,11,6,204,175,819,98,1311,198,45,518,368,3071,145,4345,16,3,75,67,583,22,766,4,0,19,26,242,10,312,8,7,82,176,1886,81,2236,3,4,55,54,461,19,600,17,6,78,63,479,40,690,23,4,110,102,415,38,682,31,5,98,184,892,54,1271,5,0,14,16,36,4,76,10,7,21,34,21,0,98,0,0,17,34,132,9,190,57,20,209,116,261,16,681,3,3,37,43,240,12,347,59,49,222,266,538,48,1184,109,82,327,81,185,19,803,122,26,290,96,196,34,769,0,0,22,11,50,3,102,18,8,44,47,831,15,967,19,7,51,56,469,130,734,718,284,2487,2039,11824,789,18151,16,33,210,128,221,52,664,69,20,212,146,391,48,884,6,4,47,49,148,14,274,3,0,5,12,31,3,55,7,9,54,84,204,11,366,5,3,33,25,115,4,189,35,23,176,184,661,80,1160,29,10,214,166
597,0,0,5,0,12,5,23,4,0,8,9,30,3,54,0,0,0,0,3,0,4,0,0,0,0,4,0,9,0,0,0,0,19,0,26,0,0,0,0,0,0,0,0,0,0,0,0,0,0,0,0,0,0,6,0,6,0,0,15,4,6,0,26,0,0,0,0,0,0,0,0,0,0,0,0,0,0,0,0,0,0,0,0,0,0,0,0,0,0,0,3,0,0,0,0,5,0,8,0,0,0,0,0,0,0,0,0,0,0,0,0,0,0,0,0,0,0,0,0,0,0,0,0,0,0,0,0,0,0,0,0,0,0,0,0,6,0,17,4,22,5,3,33,18,106,13,179,0,0,3,0,0,0,4,0,0,0,0,0,0,0,0,0,0,0,0,0,0,0,0,0,0,0,0,0,0,0,0,0,0,0,0,0,0,0,0,0,0,0,0,0,0,0,0,0,0,0,0,0,0
599,0,0,7,7,15,0,35,3,0,13,9,68,8,104,0,0,3,6,17,0,27,0,0,0,0,3,0,3,0,0,8,3,70,0,80,0,0,0,0,0,0,6,4,0,6,4,11,0,23,4,0,15,15,26,0,62,0,0,3,8,20,0,37,0,0,0,0,0,0,3,0,0,0,0,3,0,9,0,0,0,0,0,0,0,3,3,25,5,8,0,40,0,0,5,0,14,0,23,5,0,7,5,9,0,25,5,0,3,5,4,0,18,0,4,7,4,6,0,32,0,0,9,0,3,0,7,0,0,5,0,21,0,27,4,0,0,0,14,8,32,34,12,123,81,324,19,595,5,0,16,7,5,0,32,0,0,3,6,9,0,29,0,0,8,5,6,0,14,0,0,3,0,0,0,5,0,0,0,0,5,0,13,0,0,0,0,0,0,7,4,0,9,7,11,0,32,10,0,24,16
601,205,21,311,149,432,51,1172,24,0,50,25,87,6,189,272,29,520,299,1743,93,2957,203,39,510,224,508,24,1506,183,41,520,422,5075,129,6358,67,10,130,96,437,24,766,429,38,730,290,1032,95,2610,561,48,832,403,822,67,2738,288,36,413,246,760,92,1843,78,20,249,108,182,20,657,126,57,366,207,143,23,923,47,24,139,94,159,17,478,839,242,1858,404,467,64,3878,161,34,248,135,415,35,1029,623,330,1414,710,1176,92,4336,1101,249,1293,212,482,46,3388,882,246,1685,478,916,101,4308,118,37,321,135,286,13,901,148,26,257,149,1021,31,1632,135,17,207,103,465,178,1100,6508,1537,12059,4888,16597,1193,42781,84,25,149,63,75,22,421,4,0,12,4,10,0,35,148,28,276,131,294,37,915,90,37,220,112,151,9,615,62,22,149,146,321,15,721,30,7,82,60,110,15,311,399,60,777,361,1077,125,2792,501,43,748,347
602,97,18,333,275,806,83,1599,11,5,35,34,198,14,304,140,27,289,199,1509,85,2252,25,14,72,77,350,8,545,37,10,193,218,3060,75,3593,61,9,104,108,459,30,770,140,21,262,152,780,58,1412,144,13,228,137,483,39,1045,108,17,196,193,692,63,1262,9,8,74,54,95,3,243,36,18,114,103,100,10,383,9,4,35,45,109,5,210,178,72,568,192,216,27,1251,28,8,80,63,287,18,485,103,72,327,228,445,40,1214,347,83,669,136,265,33,1539,411,111,793,267,527,58,2169,19,7,71,54,146,10,313,52,8,91,76,740,19,984,38,9,100,55,371,104,672,1980,537,4631,2661,11640,793,22247,40,18,237,135,239,42,719,0,0,9,5,15,0,32,36,9,159,109,277,43,630,17,8,46,33,73,5,172,9,5,61,76,190,19,355,11,4,57,32,113,12,222,61,27,286,210,893,86,1558,100,20,298,174
603,51,10,153,124,591,80,1019,5,0,4,0,32,4,49,18,3,72,51,341,21,504,11,4,19,15,92,7,145,15,6,50,49,874,35,1016,0,0,6,16,99,8,137,17,4,25,30,131,10,213,40,3,69,62,137,14,332,6,6,17,22,143,17,205,0,4,9,11,22,0,50,3,5,28,8,10,0,60,3,0,8,18,23,6,55,74,20,136,60,58,6,345,9,3,30,21,96,5,156,49,18,101,64,181,15,421,70,21,101,23,61,5,270,38,17,93,65,90,20,322,18,5,39,20,53,4,138,4,7,14,4,177,3,210,13,0,26,16,94,49,195,434,129,1005,673,3305,302,5844,32,10,97,58,116,22,337,0,0,0,0,3,0,3,3,6,48,48,76,10,186,3,0,11,11,14,0,44,4,0,18,27,50,0,98,6,0,10,5,35,4,56,8,8,54,55,177,19,322,47,12,113,71
604,115,19,207,186,807,101,1435,19,8,78,77,796,36,1007,79,10,160,148,1310,87,1803,6,3,16,39,276,5,346,13,11,66,145,2171,57,2462,13,10,58,85,493,21,685,29,10,115,83,583,30,847,63,6,103,90,319,27,608,24,6,69,115,802,64,1082,4,5,32,6,44,0,97,12,7,31,42,39,3,135,0,0,14,32,69,4,123,68,37,217,110,159,14,605,19,4,20,50,214,8,305,41,43,167,166,407,21,842,100,47,414,82,214,11,873,167,71,416,184,407,45,1290,5,4,33,24,66,7,128,25,8,47,47,646,15,798,16,4,38,32,317,100,500,812,316,2310,1742,10140,650,15962,49,13,193,131,243,46,677,9,3,26,14,66,11,120,22,13,98,82,279,33,525,0,3,19,19,45,0,81,4,3,36,48,170,20,274,7,7,38,34,104,9,194,23,11,130,138,857,73,1224,47,8,86,131
697,0,0,0,0,0,0,0,0,0,0,0,0,0,0,0,0,0,0,0,0,0,0,0,0,0,0,0,0,0,0,0,0,0,0,0,0,0,0,0,0,0,0,0,0,0,0,0,0,0,0,0,0,0,0,0,0,0,0,0,4,3,0,6,0,0,0,0,0,0,0,0,0,0,0,0,0,0,0,0,0,0,0,0,0,0,0,0,0,0,0,0,0,0,0,0,0,0,0,0,0,0,0,0,0,0,0,0,0,0,0,0,0,0,0,0,0,0,0,0,0,0,0,0,0,0,0,0,0,0,0,0,0,0,0,0,0,0,0,0,0,0,0,0,6,5,0,11,0,0,0,0,0,0,0,0,0,0,0,0,0,0,0,0,0,0,0,0,0,0,0,0,0,0,0,0,0,0,0,0,0,0,0,0,0,0,0,0,0,0,0,0,0,0,0,0,0,0,0,0,0
699,0,0,0,0,0,4,5,0,0,0,0,0,0,7,0,0,0,0,3,0,3,0,0,0,0,0,0,0,0,0,0,0,21,0,21,0,0,0,0,0,0,0,0,0,0,4,0,0,8,0,0,0,0,6,0,9,0,0,0,0,6,0,5,0,0,0,0,0,0,0,0,0,0,0,0,0,0,0,0,0,0,0,0,0,0,0,7,0,4,0,5,0,0,0,0,0,0,5,0,0,0,0,0,0,0,0,0,0,0,0,0,0,4,0,0,0,4,3,7,0,0,0,0,0,0,0,0,0,0,0,6,0,4,0,0,0,0,0,0,3,6,6,14,11,55,7,93,0,0,0,0,0,0,3,0,0,0,0,0,0,0,0,0,0,0,3,0,3,0,0,0,0,0,0,0,0,0,0,0,0,0,0,0,0,0,0,0,0,0,0,0,0,0,5,0,5,0,0,4,0
701,34,0,72,53,172,0,335,51,7,127,98,721,36,1039,36,7,103,132,643,27,945,77,21,155,116,353,18,745,77,14,339,297,2851,89,3659,25,5,87,66,341,23,553,230,13,347,130,600,38,1361,232,18,456,322,480,66,1570,122,30,308,332,742,54,1593,27,11,83,45,89,5,259,19,17,74,72,39,7,236,22,11,71,49,137,10,300,386,84,773,192,342,36,1814,58,9,151,114,293,24,654,607,280,1323,1190,2030,137,5562,372,125,444,126,280,28,1370,542,124,892,257,362,65,2246,65,15,119,61,171,17,444,76,16,169,88,813,27,1187,92,16,189,138,635,179,1248,3145,818,6282,3878,12099,897,27125,17,0,63,26,64,4,180,18,4,61,34,80,7,199,16,8,65,53,128,13,274,30,17,80,56,84,6,275,31,9,170,141,309,28,690,4,3,41,44,84,18,191,178,19,425,224,514,84,1451,179,16,555,271
702,5,3,47,68,317,44,483,19,12,63,55,360,21,530,21,0,33,30,172,4,253,7,0,26,33,137,8,214,14,5,64,75,936,42,1138,5,0,22,15,71,4,119,44,10,105,66,277,32,533,60,3,164,119,283,35,658,17,8,76,94,228,15,438,5,3,20,3,29,4,69,4,0,9,14,7,3,35,3,0,12,7,26,0,50,52,10,130,49,136,23,395,12,9,49,38,132,9,248,202,67,391,446,979,90,2177,139,64,253,69,198,33,754,246,71,444,188,360,57,1368,20,7,84,27,126,23,289,30,7,72,41,337,22,503,20,0,51,26,189,89,376,923,277,2110,1475,5303,557,10644,15,5,66,56,161,13,316,4,9,35,18,38,5,109,4,0,15,14,25,6,67,0,0,3,6,19,0,27,10,5,45,36,98,17,208,5,0,15,11,35,3,73,42,15,146,72,210,26,511,46,14,165,110
797,0,0,5,0,8,3,12,0,0,0,0,4,0,4,0,0,0,0,0,0,0,0,0,0,0,0,0,0,0,0,0,0,0,0,3,0,0,0,0,0,0,0,0,0,0,0,0,0,0,0,0,0,0,0,0,0,0,0,0,0,4,0,11,0,0,0,0,0,0,0,0,0,0,0,0,0,0,0,0,0,0,0,0,0,0,0,0,0,0,0,0,0,0,0,0,0,0,0,0,0,0,0,0,0,0,0,0,0,0,0,0,0,0,0,0,0,0,0,0,0,0,0,0,0,0,0,0,0,0,0,0,0,0,0,0,0,0,5,0,5,0,0,6,6,22,0,40,0,0,0,0,4,0,4,0,0,0,0,0,0,0,0,0,0,0,0,0,0,0,0,0,0,0,0,0,0,0,0,0,0,0,0,0,0,0,0,0,0,0,0,0,0,0,0,0,0,0,0,0,0
799,0,0,0,0,11,0,18,0,0,0,0,4,0,9,0,0,0,0,0,0,0,0,0,0,0,0,0,3,0,0,4,0,13,4,22,0,0,0,0,0,0,6,0,0,0,0,6,0,8,6,0,0,3,12,0,25,0,0,0,3,3,0,8,0,0,0,0,0,0,0,0,0,0,0,0,0,0,0,0,0,0,0,0,0,5,0,4,4,3,0,13,0,0,0,0,4,0,10,0,0,6,0,4,0,16,3,0,0,0,0,0,10,5,0,4,0,0,0,12,0,0,3,0,5,0,7,0,0,0,0,0,0,3,0,0,0,0,5,3,12,19,9,36,18,87,15,182,0,0,3,5,3,0,8,0,0,4,0,0,0,4,0,0,0,0,0,0,0,0,0,0,0,0,0,0,0,0,4,3,9,0,9,0,0,0,0,0,0,0,0,0,5,0,4,0,11,5,0,14,4
801,51,14,76,37,100,6,287,13,5,27,10,29,3,83,255,29,496,267,931,42,2025,171,29,272,127,372,21,982,394,72,1350,1096,6613,211,9738,103,21,237,139,359,16,877,831,84,1186,563,1234,119,4015,787,60,1265,792,1180,144,4231,511,67,659,456,921,124,2736,303,99,724,264,343,26,1759,322,83,633,234,149,35,1451,144,34,355,228,290,20,1074,3811,896,6285,1371,1135,222,13736,402,80,643,303,623,70,2117,8761,2341,11820,4108,3766,461,31256,2702,442,2190,398,607,63,6400,1727,355,2504,752,875,152,6355,218,81,450,177,349,21,1294,329,66,494,267,1293,56,2499,400,35,482,216,500,310,1944,22219,4897,32151,11809,21668,2123,94869,28,19,57,33,26,8,162,9,3,11,5,0,0,22,105,16,225,115,191,11,664,87,33,157,63,78,8,428,173,39,430,294,408,36,1380,47,10,123,63,66,9,321,663,99,1401,650,1001,118,3931,542,48,1052,662
897,0,0,0,0,0,0,0,0,0,0,0,0,0,0,0,0,0,0,0,0,0,0,0,0,0,0,0,0,0,0,0,0,0,0,0,0,0,0,0,0,0,0,0,0,0,0,0,0,0,0,0,0,0,0,0,0,0,0,0,0,0,0,0,0,0,0,0,0,0,0,0,0,0,0,0,0,0,0,0,0,0,0,0,0,0,0,0,0,0,0,0,0,0,0,0,0,0,0,0,0,0,0,0,0,0,0,0,0,0,0,0,0,0,0,0,0,0,0,0,0,0,0,0,0,0,0,0,0,0,0,0,0,0,0,0,0,0,0,0,0,0,0,0,0,0,0,0,0,0,0,0,0,0,0,0,0,0,0,0,0,0,0,0,0,0,0,0,0,0,0,0,0,0,0,0,0,0,0,0,0,0,0,0,0,0,0,0,0,0,0,0,0,0,0,0,0,0,0,0,0
899,0,0,0,0,0,0,3,0,0,0,0,0,0,0,0,0,0,0,0,0,0,0,0,0,0,0,0,0,0,0,0,0,4,0,9,0,0,0,0,0,0,0,0,0,0,0,3,0,3,0,0,0,0,0,0,3,0,0,0,0,0,0,0,0,0,0,0,0,0,0,0,0,0,0,0,0,5,0,0,0,0,0,0,0,0,0,0,0,4,0,4,0,0,0,0,0,0,0,0,0,8,0,4,0,15,3,0,0,0,0,0,4,0,0,0,0,0,0,9,0,0,0,0,3,0,7,0,0,0,0,0,0,3,0,0,0,0,0,0,0,8,0,15,7,27,0,59,0,0,0,0,0,0,0,0,0,0,0,0,0,0,0,0,0,0,0,0,0,0,0,0,0,0,0,0,0,0,0,0,0,0,0,0,0,0,0,0,0,0,0,0,0,4,0,0,7,0,0,5,0
901,0,0,0,0,10,0,13,0,0,4,5,29,0,40,0,0,3,0,15,0,15,0,0,0,0,25,0,24,0,0,4,4,93,14,114,0,0,0,0,5,0,7,0,0,11,3,22,0,37,0,0,8,3,36,7,51,3,0,3,6,25,3,41,0,0,0,0,8,0,11,0,0,0,0,0,0,0,0,0,4,4,0,0,5,0,0,5,4,5,0,14,0,0,0,4,21,0,31,4,4,40,28,81,5,176,0,0,14,0,4,0,19,5,0,5,0,8,0,20,0,0,0,0,10,0,16,0,0,6,0,25,0,32,0,0,4,0,30,6,42,22,12,116,85,446,51,732,0,0,3,5,6,0,10,0,0,3,5,5,0,16,0,0,0,3,3,0,4,0,0,0,4,3,0,3,0,0,3,3,4,0,14,0,0,0,0,5,0,4,0,4,10,8,16,11,53,0,0,12,13
997,0,0,0,0,0,0,0,0,0,0,0,0,0,0,0,0,0,0,0,0,0,0,0,0,0,0,0,0,0,0,0,0,0,0,0,0,0,0,0,0,0,0,0,0,0,0,0,0,0,0,0,0,0,0,0,0,0,0,0,0,0,0,0,0,0,0,0,0,0,0,0,0,0,0,0,0,0,0,0,0,0,0,0,0,0,0,0,0,0,0,0,0,0,0,0,0,0,0,0,0,0,0,0,0,0,0,0,0,0,0,0,0,0,0,0,0,0,0,0,0,0,0,0,0,0,0,0,0,0,0,0,0,0,0,0,0,0,0,0,0,0,0,0,0,0,0,0,0,0,0,0,0,0,0,0,0,0,0,0,0,0,0,0,0,0,0,0,0,0,0,0,0,0,0,0,0,0,0,0,0,0,0,0,0,0,0,0,0,0,0,0,0,0,0,0,0,0,0,0,0
999,0,0,0,0,0,0,0,0,0,0,0,0,0,0,0,0,0,0,0,0,0,0,0,0,0,0,0,0,0,0,0,0,0,0,0,0,0,0,0,0,0,0,0,0,0,0,0,0,0,0,0,0,0,0,0,0,0,0,0,0,0,0,0,0,0,0,0,0,0,0,0,0,0,0,0,0,0,0,0,0,0,0,0,0,0,0,0,0,0,0,0,0,0,0,0,0,0,0,0,0,0,0,0,0,0,0,0,0,0,0,0,0,0,0,0,0,0,0,0,0,0,0,0,0,0,0,0,0,0,0,0,0,0,0,0,0,0,0,0,0,0,0,0,0,0,6,6,0,0,0,0,0,0,0,0,0,0,0,0,0,0,0,0,0,0,0,0,0,0,0,0,0,0,0,0,0,0,0,0,0,0,0,0,0,0,0,0,0,0,0,0,0,0,0,0,0,0,0,0,0
